player_name,player_slug,cap_hit,team
"Granlund, Mikael",mikael-granlund,7000000.0,ANA
"Terry, Troy",troy-terry,7000000.0,ANA
"McTavish, Mason",mason-mctavish,7000000.0,ANA
"Kreider, Chris",chris-kreider,6500000.0,ANA
"Killorn, Alex",alex-killorn,6250000.0,ANA
"Strome, Ryan",ryan-strome,5000000.0,ANA
"Vatrano, Frank",frank-vatrano,4571189.0,ANA
"Poehling, Ryan",ryan-poehling,1900000.0,ANA
"Johnston, Ross",ross-johnston,1100000.0,ANA
"Gauthier, Cutter",cutter-gauthier,950000.0,ANA
"Carlsson, Leo",leo-carlsson,950000.0,ANA
"Colangelo, Sam",sam-colangelo,850000.0,ANA
"Harkins, Jansen",jansen-harkins,787500.0,ANA
"Trouba, Jacob",jacob-trouba,8000000.0,ANA
"Gudas, Radko",radko-gudas,4000000.0,ANA
"Helleson, Drew",drew-helleson,1100000.0,ANA
"LaCombe, Jackson",jackson-lacombe,925000.0,ANA
"Moore, Ian",ian-moore,925000.0,ANA
"Mintyukov, Pavel",pavel-mintyukov,918333.0,ANA
"Zellweger, Olen",olen-zellweger,844167.0,ANA
"Dostal, Lukas",lukas-dostal,6500000.0,ANA
"Mrazek, Petr",petr-mrazek,4250000.0,ANA
"Husso, Ville",ville-husso,2200000.0,ANA
"Fowler, Cam",cam-fowler,2500000.0,ANA
"Sennecke, Beckett",beckett-sennecke,942500.0,ANA
"Myatovic, Nico",nico-myatovic,896667.0,ANA
"Gaucher, Nathan",nathan-gaucher,886666.0,ANA
"Pettersson, Lucas",lucas-pettersson,869050.0,ANA
"Sidorov, Yegor",yegor-sidorov,865000.0,ANA
"Pitre, Coulson",coulson-pitre,858334.0,ANA
"Wiebe, Jaxsen",jaxsen-wiebe,852500.0,ANA
"Pastujov, Sasha",sasha-pastujov,825000.0,ANA
"Washe, Tim",timmy-washe,812500.0,ANA
"Nesterenko, Nikita",nikita-nesterenko,787500.0,ANA
"Mysak, Jan",jan-mysak,775000.0,ANA
"Caulfield, Judd",judd-caulfield,0.0,ANA
"Solberg, Stian",stian-solberg,942500.0,ANA
"Luneau, Tristan",tristan-luneau,865000.0,ANA
"Warren, Noah",noah-warren,865000.0,ANA
"Smith, Konnor",konnor-smith,855000.0,ANA
"Hinds, Tyson",tyson-hinds,829444.0,ANA
"Biakabutuka, Jérémie",jeremie-biakabutuka,825000.0,ANA
"Suchanek, Tomas",tomas-suchanek,870000.0,ANA
"Buteyets, Vyacheslav",vyacheslav-buteyets,852500.0,ANA
"Clara, Damian",damian-clara,846666.0,ANA
"Clang, Calle",calle-clang,775000.0,ANA
"Pastrnak, David",david-pastrnak,11250000.0,BOS
"Lindholm, Elias",elias-lindholm,7750000.0,BOS
"Mittelstadt, Casey",casey-mittelstadt,5750000.0,BOS
"Geekie, Morgan",morgan-geekie,5500000.0,BOS
"Zacha, Pavel",pavel-zacha,4750000.0,BOS
"Arvidsson, Viktor",viktor-arvidsson,4000000.0,BOS
"Jeannot, Tanner",tanner-jeannot,3400000.0,BOS
"Kuraly, Sean",sean-kuraly,1850000.0,BOS
"Kastelic, Mark",mark-kastelic,1566667.0,BOS
"Eyssimont, Michael",michael-eyssimont,1450000.0,BOS
"Khusnutdinov, Marat",marat-khusnutdinov,925000.0,BOS
"Beecher, John",john-beecher,900000.0,BOS
"Poitras, Matthew",matthew-poitras,870000.0,BOS
"Minten, Fraser",fraser-minten,816666.0,BOS
"McAvoy, Charlie",charlie-mcavoy,9500000.0,BOS
"Lindholm, Hampus",hampus-lindholm,6500000.0,BOS
"Zadorov, Nikita",nikita-zadorov,5000000.0,BOS
"Lohrei, Mason",mason-lohrei,3200000.0,BOS
"Jokiharju, Henri",henri-jokiharju,3000000.0,BOS
"Peeke, Andrew",andrew-peeke,2750000.0,BOS
"Harris, Jordan",jordan-harris,825000.0,BOS
"Swayman, Jeremy",jeremy-swayman,8250000.0,BOS
"Korpisalo, Joonas",joonas-korpisalo,3000000.0,BOS
"Carlo, Brandon",brandon-carlo,615000.0,BOS
"Bancroft, Dalton",dalton-bancroft,950000.0,BOS
"Blumel, Matej",matej-blumel,875000.0,BOS
"Duran, Riley",riley-duran,867500.0,BOS
"Lysell, Fabian",fabian-lysell,863334.0,BOS
"Locmelis, Dans",dans-locmelis,860000.0,BOS
"Steeves, Alex",alex-steeves,850000.0,BOS
"Harrison, Brett",brett-harrison,836667.0,BOS
"Brown, Patrick",patrick-brown,775000.0,BOS
"Tufte, Riley",riley-tufte,775000.0,BOS
"Viel, Jeffrey",jeffrey-viel,775000.0,BOS
"Farinacci, John",john-farinacci,775000.0,BOS
"Merkulov, Georgii",georgi-merkulov,775000.0,BOS
"Brunet, Frédéric",frederic-brunet,860000.0,BOS
"Edward, Jackson",jackson-edward,831667.0,BOS
"Johansson, Loke",loke-johansson,831667.0,BOS
"Wanner, Max",max-wanner,828333.0,BOS
"Callahan, Michael",michael-callahan,775000.0,BOS
"Aspirot, Jonathan",jonathan-aspirot,775000.0,BOS
"Soderstrom, Victor",victor-soderstrom,775000.0,BOS
"Sweezey, Billy",billy-Sweezey,775000.0,BOS
"Zajicek, Simon",simon-zajicek,872500.0,BOS
"Dipietro, Michael",michael-dipietro,812500.0,BOS
"Cavallin, Luke",luke-cavallin,790000.0,BOS
"Norris, Joshua",joshua-norris,7950000.0,BUF
"Thompson, Tage",tage-thompson,7142857.0,BUF
"McLeod, Ryan",ryan-mcleod,5000000.0,BUF
"Zucker, Jason",jason-zucker,4750000.0,BUF
"Tuch, Alex",alex-tuch,4750000.0,BUF
"Greenway, Jordan",jordan-greenway,4000000.0,BUF
"Quinn, Jack",jack-quinn,3375000.0,BUF
"Danforth, Justin",justin-danforth,1800000.0,BUF
"Krebs, Peyton",peyton-krebs,1450000.0,BUF
"Malenstyn, Beck",beck-malenstyn,1350000.0,BUF
"Benson, Zach",zach-benson,950000.0,BUF
"Doan, Josh",josh-doan,925000.0,BUF
"Kulich, Jiri",jiri-kulich,886666.0,BUF
"Dahlin, Rasmus",rasmus-dahlin,11000000.0,BUF
"Power, Owen",owen-power,8350000.0,BUF
"Byram, Bowen",bowen-byram,6250000.0,BUF
"Samuelsson, Mattias",mattias-samuelsson,4285714.0,BUF
"Timmins, Conor",conor-timmins,2200000.0,BUF
"Kesselring, Michael",michael-kesselring,1400000.0,BUF
"Bryson, Jacob",jacob-bryson,900000.0,BUF
"Komarov, Vsevolod",vsevolod-komarov,835000.0,BUF
"Johnson, Ryan",ryan-johnson,775000.0,BUF
"Luukkonen, Ukko-Pekka",ukko-pekka-luukkonen,4750000.0,BUF
"Lyon, Alex",alex-lyon,1500000.0,BUF
"Georgiev, Alexandar",alexandar-georgiev,825000.0,BUF
"Skinner, Jeff",jeff-skinner,4444444.0,BUF
"Kopff, Tyler",tyler-kopff,975000.0,BUF
"Helenius, Konsta",konsta-helenius,942500.0,BUF
"Rosén, Isak",isak-rosen,894167.0,BUF
"Östlund, Noah",noah-stlund,886666.0,BUF
"Neuchev, Viktor",viktor-neuchev,870000.0,BUF
"Fiddler-Schultz, Riley",riley-fiddler-schultz,865000.0,BUF
"Nadeau, Olivier",olivier-nadeau,836667.0,BUF
"Wahlberg, Anton",anton-wahlberg,833333.0,BUF
"Geertsen, Mason",mason-geertsen,775000.0,BUF
"Leschyshyn, Jake",jake-leschyshyn,775000.0,BUF
"Meyer, Carson",carson-meyer,775000.0,BUF
"Dunne, Joshua",joshua-dunne,775000.0,BUF
"Kozak, Tyson",tyson-kozak,775000.0,BUF
"Mrtka, Radim",radim-mrtka,975000.0,BUF
"Jones, Zachary",zachary-jones,900000.0,BUF
"Belliveau, Isaac",isaac-belliveau,875000.0,BUF
"Novikov, Nikita",nikita-novikov,867500.0,BUF
"Rathbone, Jack",jack-rathbone,800000.0,BUF
"Metsa, Zach",zach-metsa,775000.0,BUF
"Leinonen, Topias",topias-leinonen,886667.0,BUF
"Ratzlaff, Scott",scott-ratzlaff,835000.0,BUF
"Levi, Devon",devon-levi,812500.0,BUF
"Huberdeau, Jonathan",jonathan-huberdeau,10500000.0,CGY
"Kadri, Nazem",nazem-kadri,7000000.0,CGY
"Coronato, Matt",matt-coronato,6500000.0,CGY
"Sharangovich, Yegor",yegor-sharangovich,5750000.0,CGY
"Farabee, Joel",joel-farabee,5000000.0,CGY
"Coleman, Blake",blake-coleman,4900000.0,CGY
"Backlund, Mikael",mikael-backlund,4500000.0,CGY
"Frost, Morgan",morgan-frost,4375000.0,CGY
"Zary, Connor",connor-zary,3775000.0,CGY
"Lomberg, Ryan",ryan-lomberg,2000000.0,CGY
"Klapka, Adam",adam-klapka,1250000.0,CGY
"Pospisil, Martin",martin-pospisil,1000000.0,CGY
"Kirkland, Justin",justin-kirkland,900000.0,CGY
"Weegar, MacKenzie",mackenzie-weegar,6250000.0,CGY
"Bahl, Kevin",kevin-bahl,5350000.0,CGY
"Andersson, Rasmus",rasmus-andersson,4550000.0,CGY
"Hanley, Joel",joel-hanley,1750000.0,CGY
"Bean, Jake",jake-bean,1750000.0,CGY
"Miromanov, Daniil",daniil-miromanov,1250000.0,CGY
"Pachal, Brayden",brayden-pachal,1187500.0,CGY
"Parekh, Zayne",zayne-parekh,942500.0,CGY
"Wolf, Dustin",dustin-wolf,850000.0,CGY
"Cooley, Devin",devin-cooley,775000.0,CGY
"Markstrom, Jacob",jacob-markstrom,1875000.0,CGY
"Gridin, Matvei",matvei-gridin,942500.0,CGY
"Battaglia, Jacob",jacob-battaglia,931667.0,CGY
"Suniev, Aydar",aydar-suniev,923333.0,CGY
"Strömgren, William",william-stromgren,900833.0,CGY
"Honzek, Samuel",samuel-honzek,886666.0,CGY
"King, Carter",carter-king,872500.0,CGY
"Basha, Andrew",andrew-basha,865000.0,CGY
"Bell, Parker",parker-bell,857500.0,CGY
"Ciona, Lucas",lucas-ciona,830000.0,CGY
"Hunt, Dryden",dryden-hunt,825000.0,CGY
"Bishop, Clark",clark-bishop,775000.0,CGY
"Kerins, Rory",rory-kerins,775000.0,CGY
"Morton, Sam",sam-morton,775000.0,CGY
"Brzustewicz, Hunter",hunter-brzustewicz,950000.0,CGY
"Morin, Etienne",etienne-morin,871666.0,CGY
"Grushnikov, Artyom",artyom-grushnikov,814167.0,CGY
"Kuznetsov, Yan",yan-kuznetsov,812500.0,CGY
"Poirier, Jeremie",jeremie-poirier,775000.0,CGY
"Cicek, Nick",nick-cicek,775000.0,CGY
"Okhotyuk, Nikita",nikita-okhotyuk,0.0,CGY
"Prosvetov, Ivan",ivan-prosvetov,950000.0,CGY
"Say, Owen",owen-say,872500.0,CGY
"Sergeyev, Arseni",arseni-sergeyev,866250.0,CGY
"Aho, Sebastian",sebastian-aho,9750000.0,CAR
"Ehlers, Nikolaj",nikolaj-ehlers,8500000.0,CAR
"Svechnikov, Andrei",andrei-svechnikov,7750000.0,CAR
"Jarvis, Seth",seth-jarvis,7420087.0,CAR
"Kotkaniemi, Jesperi",jesperi-kotkaniemi,4820000.0,CAR
"Hall, Taylor",taylor-hall,3166667.0,CAR
"Martinook, Jordan",jordan-martinook,3050000.0,CAR
"Staal, Jordan",jordan-staal,2900000.0,CAR
"Carrier, William",william-carrier,2000000.0,CAR
"Robinson, Eric",eric-robinson,1700000.0,CAR
"Blake, Jackson",jackson-blake,905833.0,CAR
"Stankoven, Logan",logan-stankoven,814167.0,CAR
"Jankowski, Mark",mark-jankowski,800000.0,CAR
"Miller, K'Andre",kandre-miller,7500000.0,CAR
"Slavin, Jaccob",jaccob-slavin,6396062.0,CAR
"Walker, Sean",sean-walker,3600000.0,CAR
"Gostisbehere, Shayne",shayne-gostisbehere,3200000.0,CAR
"Chatfield, Jalen",jalen-chatfield,3000000.0,CAR
"Reilly, Mike",mike-reilly,1100000.0,CAR
"Nikishin, Alexander",alexander-nikishin,925000.0,CAR
"Andersen, Frederik",frederik-andersen,2750000.0,CAR
"Kochetkov, Pyotr",pyotr-kochetkov,2000000.0,CAR
"Nadeau, Bradly",bradly-nadeau,918333.0,CAR
"Ryabkin, Ivan",ivan-ryabkin,918333.0,CAR
"Trikozov, Gleb",gleb-trikozov,862500.0,CAR
"Robidas, Justin",justin-robidas,825000.0,CAR
"Gunler, Noel",noel-gunler,813750.0,CAR
"Unger Sörum, Felix",felix-unger-sorum,803334.0,CAR
"Smith, Givani",givani-smith,775000.0,CAR
"Brind'Amour, Skyler",skyler-brindamour,775000.0,CAR
"Slavin, Josiah",josiah-slavin,775000.0,CAR
"Suzuki, Ryan",ryan-suzuki,775000.0,CAR
"Jaaska, Juha",juha-jaaska,775000.0,CAR
"Nystrom, Joel",joel-nystrom,925000.0,CAR
"Legault, Charles-Alexis",charles-alexis-legault,915833.0,CAR
"Montgomery, Bryce",bryce-montgomery,854910.0,CAR
"Badinka, Dominik",dominik-badinka,837700.0,CAR
"Seeley, Ronan",ronan-seeley,813750.0,CAR
"Heimosalmi, Aleksi",aleksi-heimosalmi,805833.0,CAR
"Bayreuther, Gavin",gavin-bayreuther,775000.0,CAR
"Fensore, Domenick",domenick-fensore,775000.0,CAR
"Khazheyev, Ruslan",ruslan-khazheyev,845000.0,CAR
"Primeau, Cayden",cayden-primeau,775000.0,CAR
"Miftakhov, Amir",amir-miftakhov,775000.0,CAR
"Quapp, Nikita",nikita-quapp,775000.0,CAR
"Burakovsky, Andre",andre-burakovsky,5500000.0,CHI
"Bertuzzi, Tyler",tyler-bertuzzi,5500000.0,CHI
"Teravainen, Teuvo",teuvo-teravainen,5400000.0,CHI
"Foligno, Nick",nick-foligno,4500000.0,CHI
"Dickinson, Jason",jason-dickinson,4250000.0,CHI
"Mikheyev, Ilya",ilya-mikheyev,4037500.0,CHI
"Donato, Ryan",ryan-donato,4000000.0,CHI
"Lafferty, Sam",sam-lafferty,2000000.0,CHI
"Reichel, Lukas",lukas-reichel,1200000.0,CHI
"Nazar, Frank",frank-nazar,950000.0,CHI
"Bedard, Connor",connor-bedard,950000.0,CHI
"Slaggert, Landon",landon-slaggert,900000.0,CHI
"Dach, Colton",colton-dach,825000.0,CHI
"Anderson, Joey",joey-anderson,800000.0,CHI
"Weber, Shea",shea-weber,7857143.0,CHI
"Vlasic, Alex",alex-vlasic,4600000.0,CHI
"Murphy, Connor",connor-murphy,4400000.0,CHI
"Kaiser, Wyatt",wyatt-kaiser,1700000.0,CHI
"Levshunov, Artyom",artyom-levshunov,975000.0,CHI
"Rinzel, Sam",sam-rinzel,941667.0,CHI
"Crevier, Louis",louis-crevier,900000.0,CHI
"Allan, Nolan",nolan-allan,825000.0,CHI
"Grzelcyk, Matt",matt-grzelcyk,0.0,CHI
"Knight, Spencer",spencer-knight,4500000.0,CHI
"Brossoit, Laurent",laurent-brossoit,3300000.0,CHI
"Soderblom, Arvid",arvid-soderblom,2750000.0,CHI
"Brodie, TJ",tj-brodie,3233333.0,CHI
"Jones, Seth",seth-jones,2500000.0,CHI
"Frondell, Anton",anton-frondell,975000.0,CHI
"Greene, Ryan",ryan-greene,950000.0,CHI
"Vanacker, Marek",marek-vanacker,942500.0,CHI
"Moore, Oliver",oliver-moore,941667.0,CHI
"Ludwinski, Paul",paul-ludwinski,900000.0,CHI
"Thompson, Aidan",aidan-thompson,895000.0,CHI
"Misiak, Martin",martin-misiak,878333.0,CHI
"Spellacy, AJ",aj-spellacy,874167.0,CHI
"Hayes, Gavin",gavin-hayes,865000.0,CHI
"Lardis, Nick",nick-lardis,865000.0,CHI
"Toninato, Dominic",dominic-toninato,850000.0,CHI
"Savoie, Samuel",samuel-savoie,846666.0,CHI
"Korchinski, Kevin",kevin-korchinski,918333.0,CHI
"Harding, Taige",taige-harding,880000.0,CHI
"Del Mastro, Ethan",ethan-del-mastro,855833.0,CHI
"Mast, Ryan",ryan-mast,830556.0,CHI
"Kuzmin, Dmitri",dmitri-kuzmin,795556.0,CHI
"Berezhnoy, Stanislav",stanislav-berezhnoy,975000.0,CHI
"Commesso, Drew",drew-commesso,925000.0,CHI
"MacKinnon, Nathan",nathan-mackinnon,12600000.0,COL
"Nelson, Brock",brock-nelson,7500000.0,COL
"Landeskog, Gabriel",gabriel-landeskog,7000000.0,COL
"Necas, Martin",martin-necas,6500000.0,COL
"Nichushkin, Valeri",valeri-nichushkin,6125000.0,COL
"Lehkonen, Artturi",artturi-lehkonen,4500000.0,COL
"Colton, Ross",ross-colton,4000000.0,COL
"O'Connor, Logan",logan-oconnor,2500000.0,COL
"Drury, Jack",jack-drury,1725000.0,COL
"Olofsson, Victor",victor-olofsson,1575000.0,COL
"Kiviranta, Joel",joel-kiviranta,1250000.0,COL
"Bardakov, Zakhar",zakhar-bardakov,867500.0,COL
"Kelly, Parker",parker--kelly,825000.0,COL
"Makar, Cale",cale-makar,9000000.0,COL
"Toews, Devon",devon-toews,7250000.0,COL
"Girard, Samuel",samuel-girard,5000000.0,COL
"Manson, Josh",josh-manson,4500000.0,COL
"Malinski, Sam",sam-malinski,1400000.0,COL
"Burns, Brent",brent-burns,1000000.0,COL
"Middleton, Keaton",keaton-middleton,775000.0,COL
"Solovyov, Ilya",ilya-solovyov,775000.0,COL
"Blackwood, MacKenzie",mackenzie-blackwood,5250000.0,COL
"Wedgewood, Scott",scott-wedgewood,1500000.0,COL
"Miner, Trent",trent-miner,775000.0,COL
"Brindley, Gavin",gavin-brindley,950000.0,COL
"Makar, Taylor",taylor-makar,925000.0,COL
"Bradley, Chase",chase-bradley,872500.0,COL
"Gay, Cooper",cooper-gay,872500.0,COL
"Ivan, Ivan",ivan-ivan,845000.0,COL
"Prishchepov, Nikita",nikita-prishchepov,806667.0,COL
"Tynan, TJ",tj-tynan,775000.0,COL
"Barre-Boulet, Alex",alex-barre-boulet,775000.0,COL
"Felhaber, Tye",tye-felhaber,775000.0,COL
"Stienburg, Matthew",matthew-stienburg,775000.0,COL
"Gushchin, Danil",danil-gushchin,775000.0,COL
"Polin, Jason",jason-polin,775000.0,COL
"Ranta, Sampo",sampo-ranta,0.0,COL
"Gagne, Alex",alex-gagne,910000.0,COL
"Behrens, Sean",sean-behrens,905833.0,COL
"Weinstein, Saige",saige-weinstein,783334.0,COL
"MacDonald, Jacob",jacob-macdonald,775000.0,COL
"Attard, Ronald",ronald-attard,775000.0,COL
"Ahcan, Jack",jack-ahcan,775000.0,COL
"Aamodt, Wyatt",wyatt-aamodt,775000.0,COL
"Boikov, Sergei",sergei-boikov,0.0,COL
"Nabokov, Ilya",ilya-nabokov,975000.0,COL
"Posch, Isak",isak-posch,872500.0,COL
"Monahan, Sean",sean-monahan,5500000.0,CBJ
"Coyle, Charlie",charlie-coyle,5250000.0,CBJ
"Voronkov, Dmitri",dimitri-voronkov,4175000.0,CBJ
"Marchenko, Kirill",kirill-marchenko,3850000.0,CBJ
"Jenner, Boone",boone-jenner,3750000.0,CBJ
"Olivier, Mathieu",mathieu-olivier,3000000.0,CBJ
"Wood, Miles",miles-wood,2500000.0,CBJ
"Sillinger, Cole",cole-sillinger,2250000.0,CBJ
"Chinakhov, Yegor",yegor-chinakhov,2100000.0,CBJ
"Johnson, Kent",kent-johnson,1800000.0,CBJ
"Lundestrom, Isac",isac-lundestrom,1300000.0,CBJ
"Fantilli, Adam",adam-fantilli,950000.0,CBJ
"Aston-Reese, Zach",zach-aston-reese,775000.0,CBJ
"Werenski, Zach",zach-werenski,9583333.0,CBJ
"Provorov, Ivan",ivan-provorov,8500000.0,CBJ
"Severson, Damon",damon-severson,6250000.0,CBJ
"Fabbro, Dante",dante-fabbro,4125000.0,CBJ
"Gudbranson, Erik",erik-gudbranson,4000000.0,CBJ
"Christiansen, Jake",jake-christiansen,975000.0,CBJ
"Mateychuk, Denton",denton-mateychuk,886666.0,CBJ
"Merzlikins, Elvis",elvis-merzlikins,5400000.0,CBJ
"Greaves, Jet",jet-greaves,812500.0,CBJ
"Fedotov, Ivan",ivan-fedotov,3275000.0,CBJ
"Wennberg, Alexander",alexander-wennberg,891667.0,CBJ
"Boqvist, Adam",adam-boqvist,533333.0,CBJ
"Williams, Jack",jack-williams,923750.0,CBJ
"Keskinen, Oiva",oiva-keskinen,860000.0,CBJ
"Del Bel Belluz, Luca",luca-del-bel-belluz,859999.0,CBJ
"Dumais, Jordan",jordan-dumais,859999.0,CBJ
"McCue, Max",max-mccue,858333.0,CBJ
"Pinelli, Luca",luca-pinelli,846666.0,CBJ
"Malatesta, James",james-malatesta,841666.0,CBJ
"McKown, Hunter",hunter-mckown,800000.0,CBJ
"Gaunce, Brendan",brendan-gaunce,775000.0,CBJ
"Fasching, Hudson",hudson-fasching,775000.0,CBJ
"Pyyhtia, Mikael",mikael-pyyhtia,775000.0,CBJ
"Sillinger, Owen",owen-sillinger,775000.0,CBJ
"Ceulemans, Corson",corson-ceulemans,925000.0,CBJ
"MacDonald, Caleb",caleb-macdonald,922500.0,CBJ
"Elick, Charlie",charlie-elick,906667.0,CBJ
"Richard, Guillaume",guillaume-richard,867500.0,CBJ
"Marrelli, Luca",luca-marrelli,838889.0,CBJ
"Svozil, Stanislav",stanislav-svozil,825000.0,CBJ
"Mayo, Dysin",dysin-mayo,775000.0,CBJ
"Berni, Tim",tim-berni,0.0,CBJ
"Fedotov, Ivan",ivan-fedotov,3275000.0,CBJ
"Gardner, Evan",evan-gardner,870833.0,CBJ
"Lalonde, Nolan",nolan-lalonde,785556.0,CBJ
"Sawchenko, Zachary",zachary-sawchenko,775000.0,CBJ
"Rantanen, Mikko",mikko-rantanen,12000000.0,DAL
"Seguin, Tyler",tyler-seguin,9850000.0,DAL
"Hintz, Roope",roope-hintz,8450000.0,DAL
"Johnston, Wyatt",wyatt-johnston,8400000.0,DAL
"Robertson, Jason",jason-robertson,7750000.0,DAL
"Duchene, Matt",matt-duchene,4500000.0,DAL
"Steel, Sam",sam-steel,2100000.0,DAL
"Faksa, Radek",radek-faksa,2000000.0,DAL
"Benn, Jamie",jamie-benn,1000000.0,DAL
"Bourque, Mavrik",mavrik-bourque,950000.0,DAL
"Hryckowian, Justin",justin-hryckowian,870000.0,DAL
"Back, Oskar",oskar-back,825000.0,DAL
"Bastian, Nathan",nathan-bastian,775000.0,DAL
"Blackwell, Colin",colin-blackwell,775000.0,DAL
"Heiskanen, Miro",miro-heiskanen,8450000.0,DAL
"Lindell, Esa",esa-lindell,5250000.0,DAL
"Harley, Thomas",thomas-harley,4000000.0,DAL
"Lyubushkin, Ilya",ilya-lyubushkin,3250000.0,DAL
"Lundkvist, Nils",nils-lundkvist,1250000.0,DAL
"Bichsel, Lian",lian-bichsel,918333.0,DAL
"Petrovic, Alexander",alexander-petrovic,775000.0,DAL
"Oettinger, Jake",jake-oettinger,8250000.0,DAL
"DeSmith, Casey",casey-desmith,1000000.0,DAL
"Bibeau, Antoine",antoine-bibeau,0.0,DAL
"Suter, Ryan",ryan-suter,1433333.0,DAL
"Scott, Harrison",harrison-scott,975000.0,DAL
"Hemming, Emil",emil-hemming,942500.0,DAL
"Fuder, Jaxon",jaxon-fuder,916667.0,DAL
"McDonald, Kyle",kyle-mcdonald,870000.0,DAL
"Hyry, Arttu",arttu-hyry,870000.0,DAL
"Martino, Ayrton",ayrton-martino,867500.0,DAL
"Ertel, Justin",justin-ertel,867500.0,DAL
"Wheatcroft, Chase",chase-wheatcroft,862500.0,DAL
"Seminoff, Matthew",matthew-seminoff,850000.0,DAL
"MacDonell, Angus",angus-macdonell,850000.0,DAL
"Arcuri, Francesco",francesco-arcuri,825000.0,DAL
"Hughes, Cameron",cameron-hughes,775000.0,DAL
"Lind, Kole",kole-lind,775000.0,DAL
"Stranges, Antonio",antonio-stranges,775000.0,DAL
"Taylor, Trey",trey-taylor,975000.0,DAL
"Kyrou, Christian",christian-kyrou,878333.0,DAL
"Punnett, Connor",connor-punnett,870000.0,DAL
"Krys, Luke",luke-krys,870000.0,DAL
"White, Gavin",gavin-white,857500.0,DAL
"Muhonen, Niilopekka",niilopekka-muhonen,850000.0,DAL
"Bertucci, Tristan",tristan-bertucci,846666.0,DAL
"Capobianco, Kyle",kyle-capobianco,775000.0,DAL
"Kolyachonok, Vladislav",vladislav-kolyachonok,775000.0,DAL
"Tiefensee, Arno",arno-tiefensee,850000.0,DAL
"Poirier, Remi",remi-poirier,775000.0,DAL
"Kraws, Benjamin",benjamin-kraws,775000.0,DAL
"Larkin, Dylan",dylan-larkin,8700000.0,DET
"Raymond, Lucas",Lucas-Raymond,8075000.0,DET
"Debrincat, Alex",alex-debrincat,7875000.0,DET
"Copp, Andrew",andrew-copp,5625000.0,DET
"Compher, J.T.",jt-compher,5100000.0,DET
"Rasmussen, Michael",michael-rasmussen,3200000.0,DET
"Kane, Patrick",patrick-kane,3000000.0,DET
"Appleton, Mason",mason-appleton,2900000.0,DET
"Berggren, Jonatan",jonatan-berggren,1825000.0,DET
"Soderblom, Elmer",elmer-soderblom,1125000.0,DET
"van Riemsdyk, James",james-vanriemsdyk,1000000.0,DET
"Brandsegg-Nygård, Michael",michael-brandsegg-nygard,942500.0,DET
"Kasper, Marco",marco-kasper,886666.0,DET
"Seider, Moritz",moritz-seider,8550000.0,DET
"Chiarot, Ben",ben-chiarot,4750000.0,DET
"Holl, Justin",justin-holl,3400000.0,DET
"Gustafsson, Erik",erik-gustafsson,2000000.0,DET
"Johansson, Albert",albert-johansson,1125000.0,DET
"Hamonic, Travis",travis-hamonic,1000000.0,DET
"Edvinsson, Simon",simon-edvinsson,894167.0,DET
"Bernard-Docker, Jacob",jacob-bernard-docker,875000.0,DET
"Gibson, John",john-gibson,6400000.0,DET
"Talbot, Cam",cam-talbot,2500000.0,DET
"Abdelkader, Justin",justin-abdelkader,1055556.0,DET
"Bear, Carter",carter-bear,975000.0,DET
"Kiiskinen, Jesse",jesse-kiiskinen,923333.0,DET
"Mazur, Carter",carter-mazur,905833.0,DET
"Danielson, Nate",nate-danielson,886666.0,DET
"Doucet, Alexandre",alexandre-doucet,870000.0,DET
"Rychlovsky, Jakub",jakub-rychlovsky,870000.0,DET
"Becher, Ondrej",ondrej-becher,865000.0,DET
"Lombardi, Amadeus",amadeus-lombardi,838333.0,DET
"Finnie, Emmitt",emmitt-finnie,821667.0,DET
"Watson, Austin",austin-watson,775000.0,DET
"Dries, Sheldon",sheldon-dries,775000.0,DET
"Shine, Dominik",dominik-shine,775000.0,DET
"Leonard, John",john-leonard,775000.0,DET
"Tralmaks, Eduards",eduards-tralmaks,775000.0,DET
"Wallinder, William",william-wallinder,925000.0,DET
"Buium, Shai",shai-buium,925000.0,DET
"Sandin Pellikka, Axel",axel-sandin-pellikka,918333.0,DET
"Johansson, Anton",anton-johansson,870000.0,DET
"Tuomisto, Antti",antti-tuomisto,813750.0,DET
"Lagesson, William",william-lagesson,775000.0,DET
"Mitchell, Ian",ian-mitchell,775000.0,DET
"Viro, Eemil",eemil-viro,0.0,DET
"Postava, Michal",michal-postava,975000.0,DET
"Cossa, Sebastian",sebastian-cossa,863334.0,DET
"Gylander, Carter",carter-gylander,855000.0,DET
"Draisaitl, Leon",leon-draisaitl,14000000.0,EDM
"McDavid, Connor",connor-mcdavid,12500000.0,EDM
"Hyman, Zach",zach-hyman,5500000.0,EDM
"Nugent-Hopkins, Ryan",ryan-nugent-hopkins,5125000.0,EDM
"Frederic, Trent",trent-frederic,3850000.0,EDM
"Mangiapane, Andrew",andrew-mangiapane,3600000.0,EDM
"Henrique, Adam",adam-henrique,3000000.0,EDM
"Janmark, Mattias",mattias-janmark,1450000.0,EDM
"Kapanen, Kasperi",kasperi-kapanen,1300000.0,EDM
"Tomasek, David",david-tomasek,1200000.0,EDM
"Podkolzin, Vasily",vasily-podkolzin,1000000.0,EDM
"Howard, Isaac",isaac-howard,950000.0,EDM
"Savoie, Matthew",matthew-savoie,886666.0,EDM
"Philp, Noah",noah-philp,775000.0,EDM
"Bouchard, Evan",evan-bouchard,10500000.0,EDM
"Nurse, Darnell",darnell-nurse,9250000.0,EDM
"Ekholm, Mattias",mattias-ekholm,6000000.0,EDM
"Walman, Jake",jake-walman,3400000.0,EDM
"Kulak, Brett",brett-kulak,2750000.0,EDM
"Emberson, Ty",ty-emberson,1300000.0,EDM
"Stecher, Troy",troy-stecher,787500.0,EDM
"Skinner, Stuart",stuart-skinner,2600000.0,EDM
"Pickard, Calvin",calvin-pickard,1000000.0,EDM
"Ingram, Connor",connor-ingram,1150000.0,EDM
"Campbell, Jack",jack-campbell,2300000.0,EDM
"Jones, Max",max-jones,1000000.0,EDM
"Samanski, Josh",josh-samanski,975000.0,EDM
"Hutson, Quinn",quinn-hutson,875000.0,EDM
"Marjala, Viljami",viljami-marjala,872500.0,EDM
"Stefan, James",james-stefan,870000.0,EDM
"Grubbe, Jayden",jayden-grubbe,867500.0,EDM
"Clattenburg, Connor",connor-clattenburg,828333.0,EDM
"Stonehouse, Brady",brady-stonehouse,821667.0,EDM
"Petrov, Matvei",matvei-petrov,803333.0,EDM
"Lazar, Curtis",curtis-lazar,775000.0,EDM
"Jarventie, Roby",roby-jarventie,775000.0,EDM
"Hamblin, James",james-hamblin,775000.0,EDM
"Brown, Josh",josh-brown,1000000.0,EDM
"Leppänen, Atro",atro-leppanen,975000.0,EDM
"Carfagna, Damien",damien-carfagna,862500.0,EDM
"Akey, Beau",beau-akey,831666.0,EDM
"Dineen, Cam",cam-dineen,775000.0,EDM
"Stillman, Riley",riley-stillman,775000.0,EDM
"Regula, Alec",alec-regula,775000.0,EDM
"Ingram, Connor",connor-ingram,1150000.0,EDM
"Ungar, Connor",connor-ungar,860000.0,EDM
"Day, Nathaniel",nathaniel-day,856667.0,EDM
"Jonsson, Samuel",samuel-jonsson,855000.0,EDM
"Tomkins, Matt",matt-tomkins,775000.0,EDM
"Barkov, Aleksander",aleksander-barkov,10000000.0,FLA
"Tkachuk, Matthew",matthew-tkachuk,9500000.0,FLA
"Reinhart, Sam",sam-reinhart,8625000.0,FLA
"Bennett, Sam",sam-bennett,8000000.0,FLA
"Verhaeghe, Carter",carter-verhaeghe,7000000.0,FLA
"Marchand, Brad",brad-marchand,5250000.0,FLA
"Lundell, Anton",anton-lundell,5000000.0,FLA
"Rodrigues, Evan",evan-rodrigues,3000000.0,FLA
"Luostarinen, Eetu",eetu-luostarinen,3000000.0,FLA
"Boqvist, Jesper",jesper-boqvist,1500000.0,FLA
"Greer, A.J.",aj-greer,850000.0,FLA
"Schwindt, Cole",cole-schwindt,825000.0,FLA
"Nosek, Tomas",tomas-nosek,775000.0,FLA
"Kunin, Luke",luke-kunin,775000.0,FLA
"Gadjovich, Jonah",jonah-gadjovich,775000.0,FLA
"Samoskevich, Mackie",matthew-samoskevich,775000.0,FLA
"Motte, Tyler",tyler-motte,0.0,FLA
"Gregor, Noah",noah-gregor,0.0,FLA
"Jones, Seth",seth-jones,7000000.0,FLA
"Ekblad, Aaron",aaron-ekblad,6100000.0,FLA
"Forsling, Gustav",gustav-forsling,5750000.0,FLA
"Mikkola, Niko",niko-mikkola,2500000.0,FLA
"Kulikov, Dmitry",dmitry-kulikov,1150000.0,FLA
"Balinskis, Uvis",uvis-balinskis,850000.0,FLA
"Petry, Jeff",jeff-petry,775000.0,FLA
"Bobrovsky, Sergei",sergei-bobrovsky,10000000.0,FLA
"Tarasov, Daniil",daniil-tarasov,1050000.0,FLA
"Lundmark, Anton",anton-lundmark,975000.0,FLA
"Devine, Jack",jack-devine,950000.0,FLA
"Steeves, Ben",ben-steeves,950000.0,FLA
"McAllister, Ryan",ryan-mcallister,896667.0,FLA
"Vilmanis, Sandis",sandis-vilmanis,855000.0,FLA
"Sawchyn, Gracyn",gracyn-sawchyn,846666.0,FLA
"St. Martin, Hunter",hunter-st-martin,828889.0,FLA
"Davies, Joshua",joshua-davies,828333.0,FLA
"Schwindt, Kai",kai-schwindt,798334.0,FLA
"Studnicka, Jack",jack-studnicka,775000.0,FLA
"Entwistle, Mackenzie",mackenzie-entwistle,775000.0,FLA
"Foote, Nolan",nolan-foote,775000.0,FLA
"Skoog, Wilmer",wilmer-skoog,775000.0,FLA
"Heponiemi, Aleksi",aleksi-heponiemi,0.0,FLA
"Hutsko, Logan",logan-hutsko,0.0,FLA
"Okuliar, Oliver",oliver-okuliar,0.0,FLA
"Hovorka, Mikulas",mikulas-hovorka,950000.0,FLA
"Alscher, Marek",marek-alscher,865000.0,FLA
"Nause, Evan",evan-nause,864167.0,FLA
"Jansson, Ludvig",ludvig-jansson,855000.0,FLA
"Bjornfot, Tobias",tobias-bjornfot,775000.0,FLA
"Benning, Michael",michael-benning,775000.0,FLA
"Black, Cooper",cooper-black,950000.0,FLA
"Gerasimyuk, Kirill",kirill-gerasimyuk,875000.0,FLA
"Bussi, Brandon",brandon-bussi,775000.0,FLA
"Fiala, Kevin",kevin-fiala,7875000.0,LAK
"Kopitar, Anze",anze-kopitar,7000000.0,LAK
"Byfield, Quinton",quinton-byfield,6250000.0,LAK
"Danault, Phillip",phillip-danault,5500000.0,LAK
"Kempe, Adrian",adrian-kempe,5500000.0,LAK
"Kuzmenko, Andrei",andrei-kuzmenko,4300000.0,LAK
"Moore, Trevor",trevor-moore,4200000.0,LAK
"Laferriere, Alex",alex-laferriere,4100000.0,LAK
"Foegele, Warren",warren-foegele,3500000.0,LAK
"Armia, Joel",joel-armia,2500000.0,LAK
"Perry, Corey",corey-perry,2000000.0,LAK
"Helenius, Samuel",samuel-helenius,805833.0,LAK
"Turcotte, Alex",alex-turcotte,775000.0,LAK
"Malott, Jeff",jeff-malott,775000.0,LAK
"Doughty, Drew",drew-doughty,11000000.0,LAK
"Ceci, Cody",cody-ceci,4500000.0,LAK
"Anderson, Mikey",mikey-anderson,4125000.0,LAK
"Dumoulin, Brian",brian-dumoulin,4000000.0,LAK
"Edmundson, Joel",joel-edmundson,3850000.0,LAK
"Burroughs, Kyle",kyle-burroughs,1100000.0,LAK
"Clarke, Brandt",brandt-clarke,863334.0,LAK
"Moverare, Jacob",jacob-moverare,775000.0,LAK
"Kuemper, Darcy",darcy-kuemper,5250000.0,LAK
"Forsberg, Anton",anton-forsberg,2250000.0,LAK
"Richards, Mike",mike-richards,600000.0,LAK
"Greentree, Liam",liam-greentree,942500.0,LAK
"Connors, Kenny",kenny-connors,867500.0,LAK
"Wright, Jared",jared-wright,867500.0,LAK
"Jamsen, Aatu",aatu-jamsen,852500.0,LAK
"Lawrence, Kaleb",kaleb-lawrence,852500.0,LAK
"Pinelli, Francesco",francesco-pinelli,845000.0,LAK
"Ziemmer, Koehn",koehn-ziemmer,816666.0,LAK
"Gawdin, Glenn",glenn-gawdin,775000.0,LAK
"Brown, Logan",logan-brown,775000.0,LAK
"Guttman, Cole",cole-guttman,775000.0,LAK
"Thomas, Akil",akil-thomas,775000.0,LAK
"Lee, Andre",andre-lee,775000.0,LAK
"Chromiak, Martin",martin-chromiak,775000.0,LAK
"Ward, Taylor",taylor-ward,775000.0,LAK
"Kirsanov, Kirill",kirill-kirsanov,925000.0,LAK
"Salin, Otto",otto-salin,875000.0,LAK
"Woolley, Jared",jared-woolley,875000.0,LAK
"Dvorak, Jakub",jakub-dvorak,840000.0,LAK
"Booth, Angus",angus-booth,826667.0,LAK
"Hicketts, Joe",joe-hicketts,775000.0,LAK
"Bolduc, Samuel",samuel-bolduc,775000.0,LAK
"George, Carter",carter-george,845833.0,LAK
"Portillo, Erik",erik-portillo,783333.0,LAK
"Kaprizov, Kirill",kirill-kaprizov,9000000.0,MIN
"Boldy, Matt",matthew-boldy,7000000.0,MIN
"Eriksson Ek, Joel",joel-erikssonek,5250000.0,MIN
"Rossi, Marco",marco-rossi,5000000.0,MIN
"Tarasenko, Vladimir",vladimir-tarasenko,4750000.0,MIN
"Zuccarello, Mats",mats-zuccarello,4125000.0,MIN
"Foligno, Marcus",marcus-foligno,4000000.0,MIN
"Hartman, Ryan",ryan-hartman,4000000.0,MIN
"Trenin, Yakov",yakov-trenin,3500000.0,MIN
"Sturm, Nico",nico-sturm,2000000.0,MIN
"Yurov, Danila",danila-yurov,950000.0,MIN
"Öhgren, Liam",liam-ohgren,886666.0,MIN
"Johansson, Marcus",marcus-johansson,800000.0,MIN
"Hinostroza, Vinnie",vinnie-hinostroza,775000.0,MIN
"Faber, Brock",brock-faber,8500000.0,MIN
"Spurgeon, Jared",jared-spurgeon,7575000.0,MIN
"Brodin, Jonas",jonas-brodin,6000000.0,MIN
"Middleton, Jacob",jacob-middleton,4350000.0,MIN
"Bogosian, Zach",zach-bogosian,1250000.0,MIN
"Buium, Zeev",zeev-buium,966667.0,MIN
"Jiricek, David",david-jiricek,918333.0,MIN
"Hunt, Daemon",daemon-hunt,775000.0,MIN
"Gustavsson, Filip",filip-gustavsson,3750000.0,MIN
"Wallstedt, Jesper",jesper-wallstedt,2200000.0,MIN
"Parise, Zach",zach-parise,833333.0,MIN
"Suter, Ryan",ryan-suter,833333.0,MIN
"Heidt, Riley",riley-heidt,918333.0,MIN
"Bankier, Caedan",caedan-bankier,867500.0,MIN
"Haight, Hunter",hunter-haight,865833.0,MIN
"Kumpulainen, Rasmus",rasmus-kumpulainen,865833.0,MIN
"Butler, Cameron",cameron-butler,858333.0,MIN
"Marek, Bradley",bradley-marek,790000.0,MIN
"Pitlick, Tyler",tyler-pitlick,775000.0,MIN
"Aube-Kubel, Nicolas",nicolas-aube-kubel,775000.0,MIN
"Jones, Ben",benjamin-jones,775000.0,MIN
"Milne, Michael",michael-milne,775000.0,MIN
"Peart, Jack",jack-peart,925000.0,MIN
"Masters, Kyle",kyle-masters,865000.0,MIN
"Lambos, Carson",carson-lambos,863334.0,MIN
"Spacek, David",david-spacek,862500.0,MIN
"Leskovar, Stevie",stevie-leskovar,860000.0,MIN
"Gleason, Ben",benjamin-gleason,800000.0,MIN
"Kiersted, Matt",matt-kiersted,775000.0,MIN
"Wutzke, Chase",chase-wutzke,955833.0,MIN
"Hlavaj, Samuel",samuel-hlavaj,875000.0,MIN
"Mercer, Riley",riley-mercer,820000.0,MIN
"Petersen, Cal",cal-petersen,775000.0,MIN
"Laine, Patrik",patrik-laine,8700000.0,MTL
"Suzuki, Nick",nick-suzuki,7875000.0,MTL
"Caufield, Cole",cole-caufield,7850000.0,MTL
"Slafkovský, Juraj",juraj-slafkovsky,7600000.0,MTL
"Gallagher, Brendan",brendan-gallagher,6500000.0,MTL
"Anderson, Josh",josh-anderson,5500000.0,MTL
"Dach, Kirby",kirby-dach,3362500.0,MTL
"Newhook, Alex",alex-newhook,2900000.0,MTL
"Evans, Jake",jake-evans,2850000.0,MTL
"Demidov, Ivan",ivan-demidov,940833.0,MTL
"Kapanen, Oliver",oliver-kapanen,925000.0,MTL
"Veleno, Joseph",joseph-veleno,900000.0,MTL
"Bolduc, Zack",zachary-bolduc,863334.0,MTL
"Blais, Sammy",sammy-blais,775000.0,MTL
"Dobson, Noah",noah-dobson,9500000.0,MTL
"Guhle, Kaiden",kaiden-guhle,5550000.0,MTL
"Matheson, Mike",mike-matheson,4875000.0,MTL
"Carrier, Alexandre",alexandre-carrier,3750000.0,MTL
"Struble, Jayden",jayden-struble,1412500.0,MTL
"Xhekaj, Arber",arber-xhekaj,1300000.0,MTL
"Hutson, Lane",lane-hutson,950000.0,MTL
"Montembeault, Sam",sam-montembeault,3150000.0,MTL
"Kahkonen, Kaapo",kaapo-kahkonen,1150000.0,MTL
"Rohrer, Vinzenz",vinzenz-rohrer,950000.0,MTL
"Tuch, Luke",luke-tuch,912500.0,MTL
"Mesar, Filip",filip-mesar,886666.0,MTL
"Thorpe, Tyler",tyler-thorpe,868333.0,MTL
"Xhekaj, Florian",florian-xhekaj,866667.0,MTL
"Davidson, Jared",jared-davidson,862500.0,MTL
"Beck, Owen",owen-beck,853333.0,MTL
"Kidney, Riley",riley-kidney,836667.0,MTL
"Roy, Joshua",joshua-roy,835000.0,MTL
"Belzile, Alex",alex-belzile,775000.0,MTL
"Farrell, Sean",sean-farrell,775000.0,MTL
"Condotta, Lucas",lucas-condotta,775000.0,MTL
"Engström, Adam",adam-engstrom,896667.0,MTL
"Reinbacher, David",david-reinbacher,886666.0,MTL
"Laroque, Gannon",gannon-laroque,836667.0,MTL
"Clurman, Nathan",nathan-clurman,775000.0,MTL
"Del Gaizo, Marc",marc-del-gaizo,775000.0,MTL
"Trudeau, William",william-trudeau,775000.0,MTL
"Dobes, Jakub",jakub-dobes,965000.0,MTL
"Fowler, Jacob",jacob-fowler,923333.0,MTL
"Forsberg, Filip",filip-forsberg,8500000.0,NSH
"Stamkos, Steven",steven-stamkos,8000000.0,NSH
"Marchessault, Jonathan",jonathan-marchessault,5500000.0,NSH
"O'Reilly, Ryan",ryan-oreilly,4500000.0,NSH
"Bunting, Michael",michael-bunting,4500000.0,NSH
"Haula, Erik",erik-haula,3150000.0,NSH
"Evangelista, Luke",luke-evangelista,3000000.0,NSH
"Smith, Cole",cole-smith,1000000.0,NSH
"Martin, Brady",brady-martin,975000.0,NSH
"Svechkov, Fyodor",fyodor-svechkov,925000.0,NSH
"McCarron, Michael",michael-mccarron,900000.0,NSH
"Kemell, Joakim",joakim-kemell,886666.0,NSH
"Jost, Tyson",tyson-jost,775000.0,NSH
"Wiesblatt, Ozzy",ozzy-wiesblatt,775000.0,NSH
"Josi, Roman",roman-josi,9059000.0,NSH
"Skjei, Brady",brady-skjei,7000000.0,NSH
"Hague, Nicolas",nicolas-hague,5500000.0,NSH
"Perbix, Nicklaus",nicklaus-perbix,2750000.0,NSH
"Barron, Justin",justin-barron,1150000.0,NSH
"Stastney, Spencer",spencer-stastney,825000.0,NSH
"Wilsby, Adam",adam-wilsby,775000.0,NSH
"Saros, Juuse",juuse-saros,7740000.0,NSH
"Annunen, Justus",justus-annunen,837500.0,NSH
"Duchene, Matt",matt-duchene,6555556.0,NSH
"Turris, Kyle",kyle-turris,2000000.0,NSH
"Sissons, Colton",colton-sissons,1428572.0,NSH
"Ekholm, Mattias",mattias-ekholm,250000.0,NSH
"Wood, Matthew",matthew-wood,950000.0,NSH
"Rolston, Ryder",ryder-rolston,895000.0,NSH
"Schaefer, Reid",reid-schaefer,886666.0,NSH
"Edstrom, David",david-edstrom,886666.0,NSH
"L'Heureux, Zachary",zachary-lheureux,863334.0,NSH
"O'Hara, Cole",cole-ohara,860000.0,NSH
"Willis, Joseph",joseph-willis,860000.0,NSH
"Roest, Austin",austin-roest,845000.0,NSH
"Gojsic, Hiroki",hiroki-gojsic,835000.0,NSH
"Lind, Kalan",kalan-lind,806666.0,NSH
"Lucchini, Jake",jake-lucchini,775000.0,NSH
"Mutter, Navrin",navrin-mutter,775000.0,NSH
"Ufko, Ryan",ryan-ufko,925000.0,NSH
"Molendyk, Tanner",tanner-molendyk,886666.0,NSH
"Gibson, Andrew",andrew-gibson,865000.0,NSH
"Matier, Jack",jack-matier,801667.0,NSH
"Gravel, Kevin",kevin-gravel,775000.0,NSH
"Oesterle, Jordan",jordan-oesterle,775000.0,NSH
"Englund, Andreas",andreas-englund,775000.0,NSH
"Blankenburg, Nick",nick-blankenburg,775000.0,NSH
"Chrona, Magnus",magnus-chrona,775000.0,NSH
"Murray, Matthew",matthew-murray,775000.0,NSH
"Meier, Timo",timo-meier,8800000.0,NJD
"Hughes, Jack",jack-hughes,8000000.0,NJD
"Bratt, Jesper",jesper-bratt,7875000.0,NJD
"Hischier, Nico",nico-hischier,7250000.0,NJD
"Palat, Ondrej",ondrej-palat,6000000.0,NJD
"Mercer, Dawson",dawson-mercer,4000000.0,NJD
"Brown, Connor",connor-brown,3000000.0,NJD
"Noesen, Stefan",stefan-noesen,2750000.0,NJD
"Glass, Cody",cody-glass,2500000.0,NJD
"Dadonov, Evgenii",evgenii-dadonov,1000000.0,NJD
"Gritsyuk, Arseny",arseny-gritsyuk,925000.0,NJD
"Lammikko, Juho",juho-lammikko,800000.0,NJD
"MacEwen, Zack",zack-macewen,775000.0,NJD
"Cotter, Paul",paul-cotter,775000.0,NJD
"Bordeleau, Thomas",thomas-bordeleau,775000.0,NJD
"Glendening, Luke",luke-glendening,0.0,NJD
"Rooney, Kevin",kevin-rooney,0.0,NJD
"Hamilton, Dougie",dougie-hamilton,9000000.0,NJD
"Hughes, Luke",luke-hughes,9000000.0,NJD
"Pesce, Brett",brett-pesce,5500000.0,NJD
"Dillon, Brenden",brenden-dillon,4000000.0,NJD
"Kovacevic, Johnathan",johnathan-kovacevic,4000000.0,NJD
"Siegenthaler, Jonas",jonas-siegenthaler,3400000.0,NJD
"Nemec, Simon",simon-nemec,918333.0,NJD
"Markstrom, Jacob",jacob-markstrom,4125000.0,NJD
"Allen, Jake",jake-allen,1800000.0,NJD
"Romanov, Georgii",georgii-romanov,0.0,NJD
"Hämeenaho, Lenni",lenni-hameenaho,950000.0,NJD
"Lachance, Shane",shane-lachance,925000.0,NJD
"Wendt, Dylan",dylan-wendt,870000.0,NJD
"Parent, Xavier",xavier-parent,850000.0,NJD
"Filmon, Josh",josh-filmon,838333.0,NJD
"Squires, Cam",cam-squires,838333.0,NJD
"Gruden, Jonathan",jonathan-gruden,775000.0,NJD
"Crookshank, Angus",angus-crookshank,775000.0,NJD
"Legare, Nathan",nathan-legare,775000.0,NJD
"Schmelzer, Ryan",ryan-schmelzer,775000.0,NJD
"Hardman, Mike",mike-hardman,775000.0,NJD
"McLaughlin, Marc",marc-mclaughlin,775000.0,NJD
"Halonen, Brian",brian-halonen,775000.0,NJD
"Casey, Seamus",seamus-casey,950000.0,NJD
"Diotte, Mikael",mikael-diotte,950000.0,NJD
"Edwards, Ethan",ethan-edwards,925000.0,NJD
"Hanzel, Jeremy",jeremy-hanzel,851667.0,NJD
"Vilen, Topias",topias-vilen,836667.0,NJD
"White, Colton",colton-white,775000.0,NJD
"Cholowski, Dennis",dennis-cholowski,775000.0,NJD
"Addison, Calen",calen-addison,775000.0,NJD
"Brennan, Tyler",tyler-brennan,870000.0,NJD
"Málek, Jakub",jakub-malek,867500.0,NJD
"Daws, Nico",nicolas-daws,812500.0,NJD
"Barzal, Mathew",mathew-barzal,9150000.0,NYI
"Horvat, Bo",bo-horvat,8500000.0,NYI
"Lee, Anders",anders-lee,7000000.0,NYI
"Pageau, Jean-Gabriel",jean-gabriel-pageau,5000000.0,NYI
"Palmieri, Kyle",kyle-palmieri,4750000.0,NYI
"Drouin, Jonathan",jonathan-drouin,4000000.0,NYI
"Holmstrom, Simon",simon-holmstrom,3625000.0,NYI
"Duclair, Anthony",anthony-duclair,3500000.0,NYI
"Engvall, Pierre",pierre-engvall,3000000.0,NYI
"Cizikas, Casey",casey-cizikas,2500000.0,NYI
"Tsyplakov, Maxim",maxim-tsyplakov,2250000.0,NYI
"Heineman, Emil",emil-heineman,1100000.0,NYI
"Shabanov, Maxim",maxim-shabanov,975000.0,NYI
"Gatcomb, Marc",marc-gatcomb,900000.0,NYI
"MacLean, Kyle",kyle-maclean,775000.0,NYI
"Romanov, Alexander",alexander-romanov,6250000.0,NYI
"Pulock, Ryan",ryan-pulock,6150000.0,NYI
"Pelech, Adam",adam-pelech,5750000.0,NYI
"Mayfield, Scott",scott-mayfield,3500000.0,NYI
"DeAngelo, Tony",tony-deangelo,1750000.0,NYI
"Schaefer, Matthew",matthew-schaefer,975000.0,NYI
"Boqvist, Adam",adam-boqvist,850000.0,NYI
"Sorokin, Ilya",ilya-sorokin,8250000.0,NYI
"Varlamov, Semyon",semyon-varlamov,2750000.0,NYI
"Rittich, David",david-rittich,1000000.0,NYI
"Eklund, Victor",victor-eklund,975000.0,NYI
"Ritchie, Calum",calum-ritchie,918333.0,NYI
"Prokhorov, Daniil",daniil-prokhorov,915000.0,NYI
"Veremyev, Gleb",gleb-veremyev,885000.0,NYI
"Larson, Joey",joey-larson,872500.0,NYI
"Maggio, Matt",matt-maggio,870000.0,NYI
"Thiesing, Cam",cam-thiesing,870000.0,NYI
"Jefferies, Alex",alex-jefferies,867500.0,NYI
"Liukas, Eetu",eetu-liukas,867500.0,NYI
"Kuefler, Daylan",daylan-kuefler,840000.0,NYI
"Nurmi, Jesse",jesse-nurmi,838333.0,NYI
"Highmore, Matthew",matthew-highmore,775000.0,NYI
"Gauthier, Julien",julien-gauthier,775000.0,NYI
"Foudy, Liam",liam-foudy,775000.0,NYI
"Beckman, Adam",adam-beckman,775000.0,NYI
"Iskhakov, Ruslan",ruslan-iskhakov,0.0,NYI
"Pulkkinen, Jesse",jesse-pulkkinen,880833.0,NYI
"George, Isaiah",isaiah-george,838333.0,NYI
"Warren, Marshall",marshall-warren,825000.0,NYI
"Odelius, Calle",calle-odelius,815000.0,NYI
"Bear, Ethan",ethan-bear,775000.0,NYI
"Mitchell, Travis",travis-mitchell,775000.0,NYI
"McWard, Cole",cole-mcward,775000.0,NYI
"Lennox, Tristan",tristan-lennox,867500.0,NYI
"Tikkanen, Henrik",henrik-tikkanen,823750.0,NYI
"Hogberg, Marcus",marcus-hogberg,775000.0,NYI
"Panarin, Artemi",artemi-panarin,11642857.0,NYR
"Zibanejad, Mika",mika-zibanejad,8500000.0,NYR
"Miller, J.T.",jt-miller,8000000.0,NYR
"Lafreniere, Alexis",alexis-lafreniere,7450000.0,NYR
"Trocheck, Vincent",vincent-trocheck,5625000.0,NYR
"Cuylle, Will",william-cuylle,3900000.0,NYR
"Raddysh, Taylor",taylor-raddysh,1500000.0,NYR
"Parssinen, Juuso",juuso-parssinen,1250000.0,NYR
"Carrick, Sam",sam-carrick,1000000.0,NYR
"Edstrom, Adam",adam-edstrom,975000.0,NYR
"Rempe, Matt",matt-rempe,975000.0,NYR
"Berard, Brett",brett-berard,867500.0,NYR
"Brodzinski, Jonny",jonny-brodzinski,787500.0,NYR
"Sheary, Conor",conor-sheary,0.0,NYR
"Fox, Adam",adam-fox,9500000.0,NYR
"Gavrikov, Vladislav",vladislav-gavrikov,7000000.0,NYR
"Borgen, William",william-borgen,4100000.0,NYR
"Soucy, Carson",carson-soucy,3250000.0,NYR
"Schneider, Braden",braden-schneider,2200000.0,NYR
"Vaakanainen, Urho",urho-vaakanainen,1550000.0,NYR
"Robertson, Matthew",matthew-robertson,775000.0,NYR
"Shesterkin, Igor",igor-shesterkin,11500000.0,NYR
"Quick, Jonathan",jonathan-quick,1550000.0,NYR
"Perreault, Gabe",gabe-perreault,941667.0,NYR
"Terrance, Carey",carey-terrance,886667.0,NYR
"Laba, Noah",noah-laba,870000.0,NYR
"Chmelar, Jaroslav",jaroslav-chmelar,867500.0,NYR
"Othmann, Brennan",brennan-othmann,863333.0,NYR
"Väisänen, Kalle",kalle-vaisanen,863333.0,NYR
"Roobroeck, Dylan",dylan-roobroeck,850000.0,NYR
"McConnell-Barker, Bryce",bryce-mcconnell-barker,838333.0,NYR
"Sýkora, Adam",adam-sykora,806666.0,NYR
"Dowling, Justin",justin-dowling,775000.0,NYR
"Blidh, Anton",anton-blidh,775000.0,NYR
"Fix-Wolansky, Trey",trey-fix-wolansky,775000.0,NYR
"Brisson, Brendan",brendan-brisson,775000.0,NYR
"Pajuniemi, Lauri",lauri-pajuniemi,0.0,NYR
"Henriksson, Karl",karl-henriksson,0.0,NYR
"Morrow, Scott",scott-morrow,916667.0,NYR
"Dorrington, Jackson",jackson-dorrington,851667.0,NYR
"Pouliot, Derrick",derrick-pouliot,775000.0,NYR
"Fitzgerald, Casey",casey-fitzgerald,775000.0,NYR
"Mackey, Connor",connor-mackey,775000.0,NYR
"Scanlin, Brandon",brandon-scanlin,775000.0,NYR
"Tung, Callum",callum-tung,872500.0,NYR
"Ollas, Hugo",hugo-ollas,855000.0,NYR
"Garand, Dylan",dylan-garand,775000.0,NYR
"Boyko, Talyn",talyn-boyko,775000.0,NYR
"Stutzle, Tim",tim-stuetzle,8350000.0,OTT
"Tkachuk, Brady",brady-tkachuk,8205714.0,OTT
"Cozens, Dylan",dylan-cozens,7100000.0,OTT
"Batherson, Drake",drake-batherson,4975000.0,OTT
"Zetterlund, Fabian",fabian-zetterlund,4275000.0,OTT
"Perron, David",david-perron,4000000.0,OTT
"Pinto, Shane",shane-pinto,3750000.0,OTT
"Greig, Ridly",ridly-greig,3250000.0,OTT
"Amadio, Michael",michael-amadio,2600000.0,OTT
"Giroux, Claude",claude-giroux,2000000.0,OTT
"Eller, Lars",lars-eller,1250000.0,OTT
"MacDermid, Kurtis",kurtis-macdermid,1150000.0,OTT
"Cousins, Nick",nick-cousins,825000.0,OTT
"Kaliyev, Arthur",arthur-kaliyev,775000.0,OTT
"Sanderson, Jake",jake-sanderson,8050000.0,OTT
"Chabot, Thomas",thomas-chabot,8000000.0,OTT
"Zub, Artyom",artyom-zub,4600000.0,OTT
"Jensen, Nick",nick-jensen,4050000.0,OTT
"Kleven, Tyler",tyler-kleven,1600000.0,OTT
"Spence, Jordan",jordan-spence,1500000.0,OTT
"Matinpalo, Nikolas",nikolas-matinpalo,875000.0,OTT
"Ullmark, Linus",linus-ullmark,8250000.0,OTT
"Merilainen, Leevi",leevi-merilainen,1050000.0,OTT
"White, Colin",colin-white,875000.0,OTT
"Korpisalo, Joonas",joonas-korpisalo,1000000.0,OTT
"Halliday, Stephen",stephen-halliday,950000.0,OTT
"Ellinas, Lucas",lucas-ellinas,875000.0,OTT
"Boucher, Tyler",tyler-boucher,863334.0,OTT
"Chiasson, Jake",jake-chiasson,843333.0,OTT
"Pettersson, Oskar",oskar-pettersson,835000.0,OTT
"Pilon, Garrett",garrett-pilon,775000.0,OTT
"Lycksell, Olle",olle-lycksell,775000.0,OTT
"Jenik, Jan",jan-jenik,775000.0,OTT
"Bourgault, Xavier",xavier-bourgault,775000.0,OTT
"Hodgson, Hayden",hayden-hodgson,775000.0,OTT
"Bongiovanni, Wyatt",wyatt-bongiovanni,775000.0,OTT
"Formenton, Alex",alex-formenton,0.0,OTT
"Yakemchuk, Carter",carter-yakemchuk,942500.0,OTT
"Andonovski, Matthew",matthew-andonovski,836666.0,OTT
"Crotty, Cameron",cameron-crotty,812500.0,OTT
"Toure, Djibril",djibril-toure,805000.0,OTT
"Hamara, Tomas",tomas-hamara,803334.0,OTT
"Donovan, Jorian",jorian-donovan,796666.0,OTT
"Thomson, Lassi",lassi-thomson,775000.0,OTT
"Sebrango, Donovan",donovan-sebrango,775000.0,OTT
"Guenette, Maxence",maxence-guenette,0.0,OTT
"Parsons, Jackson",jackson-parsons,829167.0,OTT
"Sogaard, Mads",mads-sogaard,775000.0,OTT
"Shepard, Hunter",hunter-shepard,775000.0,OTT
"Konecny, Travis",travis-konecny,8750000.0,PHI
"Couturier, Sean",sean-couturier,7750000.0,PHI
"Tippett, Owen",owen-tippett,6200000.0,PHI
"Zegras, Trevor",trevor-zegras,5750000.0,PHI
"Dvorak, Christian",christian-dvorak,5400000.0,PHI
"Cates, Noah",noah-cates,4000000.0,PHI
"Foerster, Tyson",tyson-foerster,3750000.0,PHI
"Hathaway, Garnet",garnet-hathaway,2400000.0,PHI
"Deslauriers, Nicolas",nicolas-deslauriers,1750000.0,PHI
"Brink, Bobby",bobby-brink,1500000.0,PHI
"Michkov, Matvei",matvei-michkov,950000.0,PHI
"Grebenkin, Nikita",nikita-grebyonkin,875000.0,PHI
"Abols, Rodrigo",rodrigo-abols,800000.0,PHI
"Ellis, Ryan",ryan-ellis,6250000.0,PHI
"Sanheim, Travis",travis-sanheim,6250000.0,PHI
"York, Cameron",cameron-york,5150000.0,PHI
"Ristolainen, Rasmus",rasmus-ristolainen,5100000.0,PHI
"Seeler, Nick",nick-seeler,2700000.0,PHI
"Drysdale, Jamie",jamie-drysdale,2300000.0,PHI
"Zamula, Yegor",yegor-zamula,1700000.0,PHI
"Juulsen, Noah",noah-juulsen,900000.0,PHI
"Gilbert, Dennis",dennis-gilbert,875000.0,PHI
"Ginning, Adam",adam-ginning,787500.0,PHI
"Vladar, Dan",dan-vladar,3350000.0,PHI
"Ersson, Samuel",samuel-ersson,1450000.0,PHI
"Atkinson, Cam",cam-atkinson,1758333.0,PHI
"Hayes, Kevin",kevin-hayes,3571429.0,PHI
"Laughton, Scott",scott-laughton,1500000.0,PHI
"Dorwart, Karsen",karsen-dorwart,975000.0,PHI
"Bump, Alex",alex-bump,950000.0,PHI
"Luchanko, Jett",jett-luchanko,942500.0,PHI
"Rizzo, Massimo",massimo-rizzo,925000.0,PHI
"Kaplan, Devin",devin-kaplan,921667.0,PHI
"Gaucher, Jacob",jacob-gaucher,872500.0,PHI
"Robertson, Tucker",tucker-robertson,870000.0,PHI
"Barkey, Denver",denver-barkey,863333.0,PHI
"Gendron, Alexis",alexis-gendron,860000.0,PHI
"Tuomaala, Samu",samu-tuomaala,830833.0,PHI
"Eklind, Oscar",oscar-eklind,800000.0,PHI
"Richard, Anthony",anthony-richard,775000.0,PHI
"Pederson, Lane",lane-pederson,775000.0,PHI
"McDonald, Hunter",hunter-mcdonald,950000.0,PHI
"Andrae, Emil",emil-andrae,903333.0,PHI
"Gill, Spencer",spencer-gill,890833.0,PHI
"Bonk, Oliver",oliver-bonk,886666.0,PHI
"Murchison, Ty",ty-murchison,860000.0,PHI
"Samson, Ethan",ethan-samson,846667.0,PHI
"Grans, Helge",helge-grans,787500.0,PHI
"Kolosov, Alexei",alexei-kolosov,925000.0,PHI
"Bjarnason, Carson",carson-bjarnason,850000.0,PHI
"Crosby, Sidney",sidney-crosby,8700000.0,PIT
"Malkin, Evgeni",evgeni-malkin,6100000.0,PIT
"Rust, Bryan",bryan-rust,5125000.0,PIT
"Rakell, Rickard",rickard-rakell,5000000.0,PIT
"Hayes, Kevin",kevin-hayes,3571429.0,PIT
"Novak, Thomas",thomas-novak,3500000.0,PIT
"Mantha, Anthony",anthony-mantha,2500000.0,PIT
"Acciari, Noel",noel-acciari,2000000.0,PIT
"Lizotte, Blake",blake-lizotte,1850000.0,PIT
"Tomasino, Philip",philip-tomasino,1750000.0,PIT
"Brazeau, Justin",justin-brazeau,1500000.0,PIT
"Dewar, Connor",connor-dewar,1100000.0,PIT
"Kindel, Benjamin",benjamin-kindel,975000.0,PIT
"Hayes, Avery",avery-hayes,830000.0,PIT
"Koivunen, Ville",ville-koivunen,805833.0,PIT
"Fabbri, Robby",robby-fabbri,0.0,PIT
"Karlsson, Erik",erik-karlsson,10000000.0,PIT
"Letang, Kris",kris-letang,6100000.0,PIT
"Graves, Ryan",ryan-graves,4500000.0,PIT
"Dumba, Matt",matt-dumba,3750000.0,PIT
"Clifton, Connor",connor-clifton,3333333.0,PIT
"Wotherspoon, Parker",parker-wotherspoon,1000000.0,PIT
"Jones, Caleb",caleb-jones,900000.0,PIT
"Shea, Ryan",ryan-shea,900000.0,PIT
"Jarry, Tristan",tristan-jarry,5375000.0,PIT
"Silovs, Arturs",arturs-silovs,850000.0,PIT
"Heinen, Danton",danton-heinen,2250000.0,PIT
"Johnson, Jack",jack-johnson,916667.0,PIT
"Heinen, Danton",danton-heinen,2250000.0,PIT
"McGroarty, Rutger",rutger-mcgroarty,950000.0,PIT
"Broz, Tristan",tristan-broz,925000.0,PIT
"Fernström, Melvin",melvin-fernstrom,872500.0,PIT
"Ilyin, Mikhail Ye.",mikhail-ye-ilyin,851667.0,PIT
"Howe, Tanner",tanner-howe,845833.0,PIT
"Imama, Bokondji",bokondji-imama,775000.0,PIT
"Koppanen, Joona",joona-koppanen,775000.0,PIT
"Hallander, Filip",filip-hallander,775000.0,PIT
"Poulin, Samuel",samuel-poulin,775000.0,PIT
"Puustinen, Valtteri",valtteri-puustinen,775000.0,PIT
"Harvey-Pinard, Rafael",rafael-harvey-pinard,775000.0,PIT
"Ponomarev, Vasiliy",vasiliy-ponomarev,0.0,PIT
"Pickering, Owen",owen-pickering,886667.0,PIT
"Laatsch, Daniel",daniel-laatsch,860000.0,PIT
"Pietila, Chase",chase-pietila,860000.0,PIT
"Harding, Finn",finn-harding,855000.0,PIT
"Brunicke, Harrison",harrison-brunicke,845833.0,PIT
"Pieniniemi, Emil",emil-pieniniemi,806666.0,PIT
"Aho, Sebastian",sebastian-aho-1,775000.0,PIT
"Kemp, Philip",philip-kemp,775000.0,PIT
"Alexeyev, Alexander",alexander-alexeyev,775000.0,PIT
"St. Ivany, Jack",john-st-ivany,775000.0,PIT
"Blomqvist, Joel",joel-blomqvist,886667.0,PIT
"Murashov, Sergei",sergei-murashov,861110.0,PIT
"Larsson, Filip",filip-larsson,775000.0,PIT
"Lindberg, Filip",filip-lindberg,0.0,PIT
"Couture, Logan",logan-couture,8000000.0,SJS
"Toffoli, Tyler",tyler-toffoli,6000000.0,SJS
"Wennberg, Alexander",alexander-wennberg,5000000.0,SJS
"Goodrow, Barclay",barclay-goodrow,3641667.0,SJS
"Skinner, Jeff",jeff-skinner,3000000.0,SJS
"Gaudette, Adam",adam-gaudette,2000000.0,SJS
"Grundstrom, Carl",carl-grundstrom,1800000.0,SJS
"Reaves, Ryan",ryan-reaves,1350000.0,SJS
"Dellandrea, Ty",ty-dellandrea,1300000.0,SJS
"Kurashev, Philipp",philipp-kurashev,1200000.0,SJS
"Celebrini, Macklin",macklin-celebrini,975000.0,SJS
"Misa, Michael",michael-misa,975000.0,SJS
"Smith, Will",will-smith,950000.0,SJS
"Graf, Collin",collin-graf,941667.0,SJS
"Eklund, William",william-eklund,863333.0,SJS
"Orlov, Dmitry",dmitry-orlov,6500000.0,SJS
"Leddy, Nick",nick-leddy,4000000.0,SJS
"Klingberg, John",john-klingberg,4000000.0,SJS
"Ferraro, Mario",mario-ferraro,3250000.0,SJS
"Liljegren, Timothy",timothy-liljegren,3000000.0,SJS
"Desharnais, Vincent",vincent-desharnais,2000000.0,SJS
"Mukhamadullin, Shakir",shakir-mukhamadullin,1000000.0,SJS
"Price, Carey",carey-price,10500000.0,SJS
"Nedeljkovic, Alex",alex-nedeljkovic,2500000.0,SJS
"Askarov, Yaroslav",yaroslav-askarov,2000000.0,SJS
"Vlasic, Marc-Edouard",marc-edouard-vlasic,4666667.0,SJS
"Jones, Martin",martin-jones,1666667.0,SJS
"Knyzhov, Nicolai",nicolai-knyzhov,466667.0,SJS
"Karlsson, Erik",erik-karlsson,1500000.0,SJS
"Hertl, Tomas",tomas-hertl,1387500.0,SJS
"Lund, Cameron",cameron-lund,941667.0,SJS
"Chernyshov, Igor",igor-chernyshov,934167.0,SJS
"Bystedt, Filip",filip-bystedt,918333.0,SJS
"Musty, Quentin",quentin-musty,886666.0,SJS
"Halttunen, Kasper",kasper-halttunen,876666.0,SJS
"Cardwell, Ethan",ethan-cardwell,867500.0,SJS
"Olausson, Oskar",oskar-olausson,863334.0,SJS
"Ostapchuk, Zack",zack-ostapchuk,825000.0,SJS
"Afanasyev, Egor",egor-afanasyev,800000.0,SJS
"White, Colin",colin-white,775000.0,SJS
"Laberge, Samuel",samuel-laberge,775000.0,SJS
"Bowers, Shane",shane-bowers,775000.0,SJS
"Huntington, Jimmy",jimmy-huntington,775000.0,SJS
"Regenda, Pavol",pavol-regenda,775000.0,SJS
"Giles, Patrick",patrick-giles,775000.0,SJS
"Chmelevski, Alexander",alexander-chmelevski,0.0,SJS
"Kaut, Martin",martin-kaut,0.0,SJS
"Beck, Noah",noah-beck,975000.0,SJS
"Dickinson, Sam",sam-dickinson,942500.0,SJS
"Sahlin Wallenius, Leo",leo-sahlin-wallenius,940000.0,SJS
"Hävelid, Mattias",mattias-havelid,905000.0,SJS
"Cagnoni, Luca",luca-cagnoni,895000.0,SJS
"Guryev, Artem",artem-guryev,860000.0,SJS
"Furlong, Jake",jake-furlong,841666.0,SJS
"Carlsson, Lucas",lucas-carlsson,800000.0,SJS
"Thompson, Jack",jack-thompson,800000.0,SJS
"Clayton, Cole",cole-clayton,775000.0,SJS
"Carriere, Gabriel",gabriel-carriere,795000.0,SJS
"Skarek, Jakub",jakub-skarek,775000.0,SJS
"Beniers, Matthew",matthew-beniers,7142857.0,SEA
"Stephenson, Chandler",chandler-stephenson,6250000.0,SEA
"Schwartz, Jaden",jaden-schwartz,5500000.0,SEA
"McCann, Jared",jared-mccann,5000000.0,SEA
"Eberle, Jordan",jordan-eberle,4750000.0,SEA
"Kakko, Kaapo",kaapo-kakko,4525000.0,SEA
"Marchment, Mason",mason-marchment,4500000.0,SEA
"Tolvanen, Eeli",eeli-tolvanen,3475000.0,SEA
"Gaudreau, Frederick",frederick-gaudreau,2100000.0,SEA
"Kartye, Tye",tye-kartye,1250000.0,SEA
"Catton, Berkly",berkly-catton,942500.0,SEA
"Nyman, Jani",jani-nyman,891666.0,SEA
"Wright, Shane",shane-wright,886666.0,SEA
"Hayden, John",john-hayden,775000.0,SEA
"Dunn, Vince",vince-dunn,7350000.0,SEA
"Montour, Brandon",brandon-montour,7142857.0,SEA
"Larsson, Adam",adam-larsson,5250000.0,SEA
"Oleksiak, Jamie",jamie-oleksiak,4600000.0,SEA
"Lindgren, Ryan",ryan-lindgren,4500000.0,SEA
"Evans, Ryker",ryker-evans,2050000.0,SEA
"Mahura, Josh",josh-mahura,907500.0,SEA
"Fleury, Cale",cale-fleury,890000.0,SEA
"Grubauer, Philipp",philipp-grubauer,5900000.0,SEA
"Daccord, Joey",joel-daccord,5000000.0,SEA
"Veleno, Joseph",joseph-veleno,379167.0,SEA
"O'Brien, Jake",jake-obrien,975000.0,SEA
"Villeneuve, Nathan",nathan-villeneuve,940833.0,SEA
"Miettinen, Julius",julius-miettinen,940833.0,SEA
"Firkus, Jagger",jagger-firkus,891666.0,SEA
"Goyette, David",david-goyette,891666.0,SEA
"Rehkopf, Carson",carson-rehkopf,891666.0,SEA
"Fisker Molgaard, Oscar",oscar-fisker-molgaard,891666.0,SEA
"Sale, Eduard",eduard-sale,886666.0,SEA
"Morrison, Logan",logan-morrison,870000.0,SEA
"Loshko, Andrei",andrei-loshko,870000.0,SEA
"Roed, Lleyton",lleyton-roed,870000.0,SEA
"Winterton, Ryan",ryan-winterton,828333.0,SEA
"Melanson, Jacob",jacob-melanson,826111.0,SEA
"Avon, Jon-Randall",jon-randall-avon,800000.0,SEA
"McCormick, Max",max-mccormick,775000.0,SEA
"Stephens, Mitchell",mitchell-stephens,775000.0,SEA
"Meyers, Ben",ben-meyers,775000.0,SEA
"Jugnauth, Tyson",tyson-jugnauth,950000.0,SEA
"Dragicevic, Lukas",lukas-dragicevic,891666.0,SEA
"Ottavainen, Ville",ville-ottavainen,867500.0,SEA
"Hammell, Kaden",kaden-hammell,865833.0,SEA
"Nelson, Ty",ty-nelson,836667.0,SEA
"Price, Caden",caden-price,835556.0,SEA
"Seppala, Peetro",peetro-seppala,0.0,SEA
"Murray, Matt",matt-murray,1000000.0,SEA
"Kokko, Niklas",niklas-kokko,891666.0,SEA
"Ostman, Victor",victor-ostman,870000.0,SEA
"Saarinen, Kim",kim-saarinen,840000.0,SEA
"Kyrou, Jordan",jordan-kyrou,8125000.0,STL
"Thomas, Robert",robert-thomas,8125000.0,STL
"Buchnevich, Pavel",pavel-buchnevich,8000000.0,STL
"Schenn, Brayden",brayden-schenn,6500000.0,STL
"Suter, Pius",pius-suter,4125000.0,STL
"Neighbours, Jake",jake-neighbours,3750000.0,STL
"Joseph, Mathieu",mathieu-joseph,2950000.0,STL
"Holloway, Dylan",dylan-holloway,2290457.0,STL
"Texier, Alexandre",alexandre-texier,2100000.0,STL
"Bjugstad, Nick",nick-bjugstad,1750000.0,STL
"Toropchenko, Alexei",alexey-toropchenko,1700000.0,STL
"Sundqvist, Oskar",oskar-sundqvist,1500000.0,STL
"Snuggerud, Jimmy",jimmy-snuggerud,950000.0,STL
"Walker, Nathan",nathan-walker,775000.0,STL
"Lucic, Milan",milan-lucic,0.0,STL
"Faulk, Justin",justin-faulk,6500000.0,STL
"Krug, Torey",torey-krug,6500000.0,STL
"Parayko, Colton",colton-parayko,6500000.0,STL
"Broberg, Philip",philip-broberg,4580917.0,STL
"Fowler, Cam",cam-fowler,4000000.0,STL
"Tucker, Tyler",tyler-tucker,925000.0,STL
"Mailloux, Logan",logan-mailloux,875000.0,STL
"Kessel, Matthew",matthew-kessel,800000.0,STL
"Binnington, Jordan",jordan-binnington,6000000.0,STL
"Hofer, Joel",joel-hofer,3400000.0,STL
"Carbonneau, Justin",justin-carbonneau,975000.0,STL
"Stenberg, Otto",otto-stenberg,918333.0,STL
"Dvorský, Dalibor",dalibor-dvorsky,886666.0,STL
"Jecho, Adam",adam-jecho,872500.0,STL
"Kaskimäki, Aleksanteri",aleksanteri-kaskimaki,870000.0,STL
"Peterson, Dylan",dylan-peterson,867500.0,STL
"Robertsson, Simon",simon-robertsson,867500.0,STL
"Susuyev, Nikita",nikita-susuyev,855000.0,STL
"Dean, Zach",zach-dean,852500.0,STL
"Pekarcik, Juraj",juraj-pekarcik,838333.0,STL
"Stancl, Jakub",jakub-stancl,836111.0,STL
"Luff, Matt",matt-luff,775000.0,STL
"McGing, Hugh",hugh-mcging,775000.0,STL
"Alexandrov, Nikita",nikita-alexandrov,775000.0,STL
"Abramov, Mikhail",mikhail-abramov,0.0,STL
"Jiříček, Adam",adam-jiricek,942500.0,STL
"Fischer, Lukas",lukas-fischer,931667.0,STL
"Lindstein, Theo",theo-lindstein,918333.0,STL
"Johannesson, Samuel",samuel-johannesson,870000.0,STL
"Loof, Leo",leo-loof,867500.0,STL
"Buchinger, Michael",michael-buchinger,838333.0,STL
"Burns, Quinton",quinton-burns,838333.0,STL
"Gaudet, Marc-Andre",marc-andre-gaudet,802500.0,STL
"Skinner, Hunter",hunter-skinner,775000.0,STL
"Schueneman, Corey",corey-schueneman,775000.0,STL
"Ellis, Colten",colten-ellis,775000.0,STL
"Zherenko, Vadim",vadim-zherenko,775000.0,STL
"Cranley, Will",will-cranley,775000.0,STL
"Kucherov, Nikita",nikita-kucherov,9500000.0,TBL
"Point, Brayden",brayden-point,9500000.0,TBL
"Guentzel, Jake",jake-guentzel,9000000.0,TBL
"Hagel, Brandon",brandon-hagel,6500000.0,TBL
"Cirelli, Anthony",anthony-cirelli,6250000.0,TBL
"Bjorkstrand, Oliver",oliver-bjorkstrand,5400000.0,TBL
"Paul, Nick",nick-paul,3150000.0,TBL
"Gourde, Yanni",yanni-gourde,2333333.0,TBL
"Holmberg, Pontus",pontus-holmberg,1550000.0,TBL
"Goncalves, Gage",gage-goncalves,1200000.0,TBL
"Geekie, Conor",conor-geekie,886666.0,TBL
"Girgensons, Zemgus",zemgus-girgensons,850000.0,TBL
"Chaffee, Mitchell",mitchell-chaffee,800000.0,TBL
"Finley, Jack",jack-finley,775000.0,TBL
"Hedman, Victor",victor-hedman,8000000.0,TBL
"McDonagh, Ryan",ryan-mcdonagh,6750000.0,TBL
"Cernak, Erik",erik-cernak,5200000.0,TBL
"Moser, Janis Jérôme",janis-jerome-moser,3375000.0,TBL
"Raddysh, Darren",darren-raddysh,975000.0,TBL
"Lilleberg, Emil",emil-martinsen-lilleberg,800000.0,TBL
"Crozier, Maxwell",maxwell-crozier,775000.0,TBL
"Vasilevskiy, Andrei",andrei-vasilevskiy,9500000.0,TBL
"Johansson, Jonas",jonas-johansson,1250000.0,TBL
"Copley, Pheonix",pheonix-copley,775000.0,TBL
"O'Reilly, Sam",sam-oreilly,931945.0,TBL
"Czata, Ethan",ethan-czata,931667.0,TBL
"James, Dominic",dominic-james,910000.0,TBL
"Mercuri, Lucas",lucas-mercuri,896250.0,TBL
"Allard, Tristan",tristan-allard,872500.0,TBL
"Kurth, Connor",connor-kurth,870000.0,TBL
"Roelens, Milo",milo-roelens,870000.0,TBL
"Szturc, Gabriel",gabriel-szturc,870000.0,TBL
"Duke, Dylan",dylan-duke,867500.0,TBL
"Flinton, Robert",robert-flinton,867500.0,TBL
"Huuhtanen, Niko",niko-huuhtanen,867500.0,TBL
"Gauthier, Ethan",ethan-gauthier,833333.0,TBL
"Sabourin, Scott",scott-sabourin,775000.0,TBL
"Katchouk, Boris",boris-katchouk,775000.0,TBL
"Pelletier, Jakob",jakob-pelletier,775000.0,TBL
"Abruzzese, Nicholas",nicholas-abruzzese,775000.0,TBL
"Stachowiak, Wojciech",wojciech-stachowiak,775000.0,TBL
"Merela, Waltteri",waltteri-merela,0.0,TBL
"Gill, Dyllan",dyllan-gill,870000.0,TBL
"Groshev, Maxim",maxim-groshev,867500.0,TBL
"Schmidt, Roman",roman-schmidt,805833.0,TBL
"Santini, Steven",steven-santini,775000.0,TBL
"Lundmark, Simon",simon-lundmark,775000.0,TBL
"D'Astous, Charle-Edouard",charleedouard-dastous,775000.0,TBL
"Carlile, Declan",declan-carlile,775000.0,TBL
"Meneghin, Harrison",harrison-meneghin,872500.0,TBL
"Halverson, Brandon",brandon-halverson,775000.0,TBL
"Fanti, Ryan",ryan-fanti,775000.0,TBL
"Alnefelt, Hugo",hugo-alnefelt,0.0,TBL
"Matthews, Auston",auston-matthews,13250000.0,TOR
"Nylander, William",william-nylander,11500000.0,TOR
"Knies, Matthew",matthew-knies,7750000.0,TOR
"Tavares, John",john-tavares,4389280.0,TOR
"Domi, Max",max-domi,3750000.0,TOR
"Maccelli, Matias",matias-maccelli,3425000.0,TOR
"Joshua, Dakota",dakota-joshua,3250000.0,TOR
"Roy, Nicolas",nicolas-roy,3000000.0,TOR
"Jarnkrok, Calle",calle-jarnkrok,2100000.0,TOR
"Robertson, Nicholas",nicholas-robertson,1825000.0,TOR
"Laughton, Scott",scott-laughton,1500000.0,TOR
"Lorentz, Steven",steven-lorentz,1350000.0,TOR
"McMann, Bobby",bobby-mcmann,1350000.0,TOR
"Cowan, Easton",easton-cowan,873500.0,TOR
"Rielly, Morgan",morgan-rielly,7500000.0,TOR
"McCabe, Jake",jake-mccabe,4513102.0,TOR
"Tanev, Christopher",christopher-tanev,4500000.0,TOR
"Ekman-Larsson, Oliver",oliver-ekman-larsson,3500000.0,TOR
"Carlo, Brandon",brandon-carlo,3485000.0,TOR
"Benoit, Simon",simon-benoit,1350000.0,TOR
"Thrun, Henry",henry-thrun,1000000.0,TOR
"Rifai, Marshall",marshall-rifai,775000.0,TOR
"Woll, Joseph",joseph-woll,3666667.0,TOR
"Stolarz, Anthony",anthony-stolarz,2500000.0,TOR
"Hildeby, Dennis",dennis-hildeby,841667.0,TOR
"Reimer, James",james-reimer,0.0,TOR
"Kampf, David",david-kampf,2400000.0,TOR
"Benning, Matt",matt-benning,1250000.0,TOR
"Kampf, David",david-kampf,2400000.0,TOR
"Holinka, Miroslav",miroslav-holinka,918333.0,TOR
"Quillan, Jacob",jacob-quillan,875000.0,TOR
"Haymes, Luke",luke-haymes,875000.0,TOR
"Valis, Borya",borya-valis,872500.0,TOR
"Tverberg, Ryan",ryan-tverberg,851667.0,TOR
"Pezzetta, Michael",michael-pezzetta,812500.0,TOR
"Groulx, Bo",benoit-olivier-groulx,812500.0,TOR
"Kressler, Braeden",braeden-kressler,800556.0,TOR
"Boyd, Travis",travis-boyd,775000.0,TOR
"Lettieri, Vinni",vinni-lettieri,775000.0,TOR
"Der-Arguchintsev, Semyon",semyon-der-arguchintsev,0.0,TOR
"Hirvonen, Roni",roni-hirvonen,0.0,TOR
"Benning, Matt",matt-benning,1250000.0,TOR
"Danford, Ben",ben-danford,931945.0,TOR
"Prokop, John",john-prokop,875000.0,TOR
"Smith, Blake",blake-smith,875000.0,TOR
"Myers, Philippe",philippe-myers,850000.0,TOR
"Webber, Cade",cade-webber,825000.0,TOR
"Mermis, Dakota",dakota-mermis,812500.0,TOR
"Chadwick, Noah",noah-chadwick,800556.0,TOR
"Villeneuve, William",william-villeneuve,775000.0,TOR
"Niemela, Topi",topi-niemela,0.0,TOR
"Akhtyamov, Artur",artur-akhtyamov,851667.0,TOR
"Peksa, Vyacheslav",vyacheslav-peksa,851667.0,TOR
"Peterka, John-Jason",john-jason-peterka,7700000.0,UTA
"Keller, Clayton",clayton-keller,7150000.0,UTA
"Guenther, Dylan",dylan-guenther,7142875.0,UTA
"Schmaltz, Nick",nick-schmaltz,5850000.0,UTA
"Crouse, Lawson",lawson-crouse,4300000.0,UTA
"McBain, Jack",jack-mcbain,4250000.0,UTA
"Kerfoot, Alexander",alexander-kerfoot,3000000.0,UTA
"Hayton, Barrett",barrett-hayton,2650000.0,UTA
"Tanev, Brandon",brandon-tanev,2500000.0,UTA
"Stenlund, Kevin",kevin-stenlund,2000000.0,UTA
"O'Brien, Liam",liam-obrien,1000000.0,UTA
"Cooley, Logan",logan-cooley,950000.0,UTA
"Carcone, Michael",michael-carcone,775000.0,UTA
"Sergachev, Mikhail",mikhail-sergachev,8500000.0,UTA
"Durzi, Sean",sean-durzi,6000000.0,UTA
"Marino, John",john-marino,4400000.0,UTA
"Maatta, Olli",olli-maatta,3500000.0,UTA
"Schmidt, Nate",nate-schmidt,3500000.0,UTA
"Cole, Ian",ian-cole,2800000.0,UTA
"Valimaki, Juuso",juuso-valimaki,2000000.0,UTA
"Vejmelka, Karel",karel-vejmelka,4750000.0,UTA
"Vanecek, Vitek",vitek-vanecek,1500000.0,UTA
"Ekman-Larsson, Oliver",oliver-ekman-larsson,650000.0,UTA
"Ingram, Connor",connor-ingram,800000.0,UTA
"But, Daniil",daniil-but,950000.0,UTA
"Iginla, Tij",tij-iginla,942500.0,UTA
"Beaudoin, Cole",cole-beaudoin,942500.0,UTA
"Lutz, Julian",julian-lutz,923333.0,UTA
"Matikka, Miko",miko-matikka,870000.0,UTA
"Smith, Gabe",gabe-smith,869167.0,UTA
"Allard, Owen",owen-allard,869167.0,UTA
"Kunc, Michal",michal-kunc,861000.0,UTA
"Lipkin, Sam",sam-lipkin,851667.0,UTA
"Nordh, Noel",noel-nordh,835000.0,UTA
"Hebig, Cameron",cameron-hebig,812500.0,UTA
"Agozzino, Andrew",andrew-agozzino,775000.0,UTA
"Yamamoto, Kailer",kailer-yamamoto,775000.0,UTA
"Douglas, Curtis",curtis-douglas,775000.0,UTA
"McCartney, Ben",ben-mccartney,775000.0,UTA
"Duda, Artyom",artyom-duda,950000.0,UTA
"Simashev, Dmitri",dmitri-simashev,950000.0,UTA
"Lamoureux, Maveric",maveric-lamoureux,886666.0,UTA
"Lavoie, Tomas",tomas-lavoie,872500.0,UTA
"Szuber, Maksymilian",maksymilian-szuber,859167.0,UTA
"Goldsmith, Terrell",terrell-goldsmith,836111.0,UTA
"DeSimone, Nick",nick-desimone,800000.0,UTA
"Connauton, Kevin",kevin-connauton,775000.0,UTA
"Perunovich, Scott",scott-perunovich,775000.0,UTA
"Onyebuchi, Montana",montana-onyebuchi,775000.0,UTA
"Thornton, Anson",anson-thornton,795556.0,UTA
"Villalta, Matt",matt-villalta,775000.0,UTA
"Stauber, Jaxson",jaxson-stauber,775000.0,UTA
"Pettersson, Elias",elias-pettersson,11600000.0,VAN
"Boeser, Brock",brock-boeser,7250000.0,VAN
"DeBrusk, Jake",jake-debrusk,5500000.0,VAN
"Kane, Evander",evander-kane,5125000.0,VAN
"Garland, Conor",conor-garland,4950000.0,VAN
"Chytil, Filip",filip-chytil,4437500.0,VAN
"Hoglander, Nils",nils-hoglander,3000000.0,VAN
"O'Connor, Drew",drew-oconnor,2500000.0,VAN
"Blueger, Teddy",teddy-blueger,1800000.0,VAN
"Sherwood, Kiefer",kiefer-sherwood,1500000.0,VAN
"Cootes, Braeden",braeden-cootes,975000.0,VAN
"Lekkerimaki, Jonathan",jonathan-lekkerimaki,918333.0,VAN
"Karlsson, Linus",linus-karlsson,775000.0,VAN
"Räty, Aatu",aatu-raty,775000.0,VAN
"Bains, Arshdeep",arshdeep-bains,775000.0,VAN
"Hughes, Quinn",quinn-hughes,7850000.0,VAN
"Hronek, Filip",filip-hronek,7250000.0,VAN
"Pettersson, Marcus",marcus-pettersson,5500000.0,VAN
"Myers, Tyler",tyler-myers,3000000.0,VAN
"Forbort, Derek",derek-forbort,2000000.0,VAN
"Pettersson, Elias",elias-pettersson-2,838333.0,VAN
"Joseph, Pierre-Olivier",pierre-olivier-joseph,775000.0,VAN
"Demko, Thatcher",thatcher-demko,5000000.0,VAN
"Lankinen, Kevin",kevin-lankinen,4500000.0,VAN
"Ekman-Larsson, Oliver",oliver-ekman-larsson,4766667.0,VAN
"Mikheyev, Ilya",ilya-mikheyev,712500.0,VAN
"Patterson, Riley",riley-patterson,923333.0,VAN
"Chiarot, Gabe",gabe-chiarot,916667.0,VAN
"Ravinskis, Anri",anri-ravinskis,872500.0,VAN
"Mueller, Ty",ty-mueller,870000.0,VAN
"Stillman, Chase",chase-stillman,863334.0,VAN
"Bloom, Josh",josh-bloom,836667.0,VAN
"Klimovich, Danila",danila-klimovich,833333.0,VAN
"Alriksson, Vilmer",vilmer-alriksson,831667.0,VAN
"Aman, Nils",nils-aman,825000.0,VAN
"Labate, Joe",joseph-labate,775000.0,VAN
"MacEachern, MacKenzie",mackenzie-maceachern,775000.0,VAN
"Kravtsov, Vitali",vitali-kravtsov,775000.0,VAN
"Sasson, Max",max-sasson,775000.0,VAN
"Willander, Tom",tom-willander,950000.0,VAN
"Mancini, Victor",victor-mancini,870000.0,VAN
"Kudryavtsev, Kirill",kirill-kudryavtsev,825000.0,VAN
"Mynio, Sawyer",sawyer-mynio,806666.0,VAN
"Brisebois, Guillaume",guillaume-brisebois,775000.0,VAN
"Woo, Jett",jett-woo,775000.0,VAN
"Schuldt, Jimmy",jimmy-schuldt,775000.0,VAN
"Medvedev, Aleksei",aleksei-medvedev,923333.0,VAN
"Koskenvuo, Aku",aku-koskenvuo,850000.0,VAN
"Young, Ty",ty-young,825000.0,VAN
"Patera, Jiri",jiri-patera,775000.0,VAN
"Tolopilo, Nikita",nikita-tolopilo,775000.0,VAN
"Marner, Mitchell",mitchell-marner,12000000.0,VGK
"Eichel, Jack",jack-eichel,10000000.0,VGK
"Stone, Mark",mark-stone,9500000.0,VGK
"Hertl, Tomas",tomas-hertl,6750000.0,VGK
"Karlsson, William",william-karlsson,5900000.0,VGK
"Barbashev, Ivan",ivan-barbashev,5000000.0,VGK
"Kolesar, Keegan",keegan-kolesar,2500000.0,VGK
"Howden, Brett",brett-howden,2500000.0,VGK
"Smith, Reilly",reilly-smith,2000000.0,VGK
"Saad, Brandon",brandon-saad,2000000.0,VGK
"Dorofeyev, Pavel",pavel-dorofeyev,1835000.0,VGK
"Sissons, Colton",colton-sissons,1428572.0,VGK
"Reinhardt, Cole",cole-reinhardt,812500.0,VGK
"Holtz, Alexander",alexander-holtz,0.0,VGK
"Pietrangelo, Alex",alex-pietrangelo,8800000.0,VGK
"Theodore, Shea",shea-theodore,7425000.0,VGK
"Hanifin, Noah",noah-hanifin,7350000.0,VGK
"McNabb, Brayden",brayden-mcnabb,3650000.0,VGK
"Whitecloud, Zach",zach-whitecloud,2750000.0,VGK
"Lauzon, Jeremy",jeremy-lauzon,2000000.0,VGK
"Hutton, Ben",ben-hutton,975000.0,VGK
"Korczak, Kaedan",kaedan-korczak,825000.0,VGK
"Hill, Adin",adin-hill,6250000.0,VGK
"Schmid, Akira",akira-schmid,875000.0,VGK
"Connelly, Trevor",trevor-connelly,975000.0,VGK
"Hallum, Jackson",jackson-hallum,925000.0,VGK
"Uronen, Tuomas",tuomas-uronen,852500.0,VGK
"Demek, Jakub",jakub-demek,851683.0,VGK
"Swick, Trent",trent-swick,850000.0,VGK
"Uchacz, Kai",kai-uchacz,845000.0,VGK
"Bowman, Braeden",braeden-bowman,837500.0,VGK
"Fleming, Joe",joe-fleming,836666.0,VGK
"Gustafson, Jordan",jordan-gustafson,830000.0,VGK
"Brabenec, Jakub",jakub-brabenec,828333.0,VGK
"Hemmerling, Ben",ben-hemmerling,821111.0,VGK
"Sapovaliv, Matyas",matyas-sapovaliv,803334.0,VGK
"Cataford, Mathieu",mathieu-cataford,801666.0,VGK
"Laczynski, Tanner",tanner-laczynski,775000.0,VGK
"Rondbjerg, Jonas",jonas-rondbjerg,775000.0,VGK
"Lavoie, Raphael",raphael-lavoie,775000.0,VGK
"Morozov, Ivan",ivan-morozov,0.0,VGK
"Sedoff, Christoffer",christoffer-sedoff,870000.0,VGK
"Kmec, Viliam",villiam-kmec,833333.0,VGK
"Megna, Jaycob",jaycob-megna,800000.0,VGK
"Coghlan, Dylan",dylan-coghlan,775000.0,VGK
"Cormier, Lukas",lukas-cormier,775000.0,VGK
"Whitehead, Cameron",cameron-whitehead,875000.0,VGK
"Vikman, Jesper",jesper-vikman,858000.0,VGK
"Lindbom, Carl",carl-lindbom,840000.0,VGK
"Ovechkin, Alex",alex-ovechkin,9500000.0,WSH
"Dubois, Pierre-Luc",pierre-luc-dubois,8500000.0,WSH
"Wilson, Tom",tom-wilson,6500000.0,WSH
"Strome, Dylan",dylan-strome,5000000.0,WSH
"Protas, Aliaksei",aliaksei-protas,3375000.0,WSH
"Dowd, Nic",nic-dowd,3000000.0,WSH
"Beauvillier, Anthony",anthony-beauvillier,2750000.0,WSH
"McMichael, Connor",connor-mcmichael,2100000.0,WSH
"Milano, Sonny",sonny-milano,1900000.0,WSH
"Duhaime, Brandon",brandon-duhaime,1850000.0,WSH
"Leonard, Ryan",ryan-leonard,950000.0,WSH
"Lapierre, Hendrix",hendrix-lapierre,850000.0,WSH
"Sourdif, Justin",justin-sourdif,825000.0,WSH
"Chychrun, Jakob",jakob-chychrun,9000000.0,WSH
"Carlson, John",john-carlson,8000000.0,WSH
"Roy, Matt",matt-roy,5750000.0,WSH
"Sandin, Rasmus",rasmus-sandin,4600000.0,WSH
"van Riemsdyk, Trevor",trevor-vanriemsdyk,3000000.0,WSH
"Fehervary, Martin",martin-fehervary,2675000.0,WSH
"Chisholm, Declan",declan-chisholm,1600000.0,WSH
"McIlrath, Dylan",dylan-mcilrath,800000.0,WSH
"Thompson, Logan",logan-thompson,5850000.0,WSH
"Lindgren, Charlie",charlie-lindgren,3000000.0,WSH
"Gästrin, Milton",milton-gastrin,975000.0,WSH
"Lakovic, Lynden",lynden-lakovic,975000.0,WSH
"Miroshnichenko, Ivan",ivan-miroshnichenko,950000.0,WSH
"Parascak, Terik",terik-parascak,942500.0,WSH
"Funk, Zac",zac-funk,905000.0,WSH
"Thomas, Patrick",patrick-thomas,878333.0,WSH
"Mateiko, Eriks",eriks-mateiko,856667.0,WSH
"Protas, Ilya",ilya-protas,856667.0,WSH
"Hofer, Ryan",ryan-hofer,851667.0,WSH
"Cristall, Andrew",andrew-cristall,841666.0,WSH
"Suzdalev, Alexander",alexander-suzdalev,814999.0,WSH
"Persson, Ludwig",ludwig-persson,814999.0,WSH
"Smallman, Spencer",spencer-smallman,775000.0,WSH
"Rempal, Sheldon",sheldon-rempal,775000.0,WSH
"Clarke, Graeme",graeme-clarke,775000.0,WSH
"Rybinski, Henrik",henrik-rybinski,775000.0,WSH
"Trineyev, Bogdan",bogdan-trineyev,775000.0,WSH
"Frank, Ethen",ethen-frank,775000.0,WSH
"Chesley, Ryan",ryan-chesley,923333.0,WSH
"Muggli, Leon",leon-muggli,908333.0,WSH
"Gucciardi, David",david-gucciardi,855000.0,WSH
"Allen, Cam",cam-allen,855000.0,WSH
"Iorio, Vincent",vincent-iorio,814167.0,WSH
"Belpedio, Louie",louie-belpedio,775000.0,WSH
"Rosen, Calle",calle-rosen,775000.0,WSH
"Geisser, Tobias",tobias-geisser,0.0,WSH
"Bjorklund, Garin",garin-bjorklund,775000.0,WSH
"Stevenson, Clay",clay-stevenson,775000.0,WSH
"Scheifele, Mark",mark-scheifele,8500000.0,WPG
"Vilardi, Gabriel",gabriel-vilardi,7500000.0,WPG
"Connor, Kyle",kyle-connor,7142857.0,WPG
"Niederreiter, Nino",nino-niederreiter,4000000.0,WPG
"Iafallo, Alex",alex-iafallo,3666666.0,WPG
"Nyquist, Gustav",gustav-nyquist,3250000.0,WPG
"Lowry, Adam",adam-lowry,3250000.0,WPG
"Perfetti, Cole",cole-perfetti,3250000.0,WPG
"Namestnikov, Vladislav",vladislav-namestnikov,3000000.0,WPG
"Toews, Jonathan",jonathan-toews,2000000.0,WPG
"Barron, Morgan",morgan-barron,1850000.0,WPG
"Pearson, Tanner",tanner-pearson,1000000.0,WPG
"Koepke, Cole",cole-koepke,1000000.0,WPG
"Gustafsson, David",david-gustafsson,835000.0,WPG
"Kupari, Rasmus",rasmus-kupari,0.0,WPG
"Pionk, Neal",neal-pionk,7000000.0,WPG
"Morrissey, Josh",josh-morrissey,6250000.0,WPG
"Samberg, Dylan",dylan-samberg,5750000.0,WPG
"Demelo, Dylan",dylan-demelo,4900000.0,WPG
"Schenn, Luke",luke-schenn,2750000.0,WPG
"Miller, Colin",colin-miller,1500000.0,WPG
"Stanley, Logan",logan-stanley,1250000.0,WPG
"Fleury, Haydn",haydn-fleury,950000.0,WPG
"Hellebuyck, Connor",connor-hellebuyck,8500000.0,WPG
"Comrie, Eric",eric-comrie,825000.0,WPG
"Schmidt, Nate",nate-schmidt,1616667.0,WPG
"Yager, Brayden",brayden-yager,918333.0,WPG
"Julien, Jacob",jacob-julien,895000.0,WPG
"Lambert, Brad",brad-lambert,886666.0,WPG
"Barlow, Colby",colby-barlow,886666.0,WPG
"Chibrikov, Nikita",nikita-chibrikov,875833.0,WPG
"Walton, Kieron",kieron-walton,858333.0,WPG
"He, Kevin",kevin-he,840000.0,WPG
"Wagner, Fabian",fabian-wagner,830556.0,WPG
"Ford, Parker",parker-ford,812500.0,WPG
"Zhilkin, Danny",danny-zhilkin,803333.0,WPG
"Di Giuseppe, Phillip",phillip-digiuseppe,775000.0,WPG
"Anderson-Dolan, Jaret",jaret-anderson-dolan,775000.0,WPG
"Shaw, Mason",mason-shaw,775000.0,WPG
"Fagemo, Samuel",samuel-fagemo,775000.0,WPG
"Duehr, Walker",walker-duehr,775000.0,WPG
"Vesalainen, Kristian",kristian-vesalainen,0.0,WPG
"Freij, Alfons",alfons-freij,905833.0,WPG
"Salomonsson, Elias",elias-salomonsson,815000.0,WPG
"Phillips, Isaak",isaak-phillips,812500.0,WPG
"Heinola, Ville",ville-heinola,800000.0,WPG
"Clague, Kale",kale-clague,775000.0,WPG
"Bauer, Tyrel",tyrel-bauer,775000.0,WPG
"Milic, Thomas",thomas-milic,841667.0,WPG
"DiVincentiis, Domenic",domenic-divincentiis,830556.0,WPG
"Poulter, Isaac",isaac-poulter,775000.0,WPG
