"player_id","full_name","team","player_name","cap_hit","match_type","distance","status"
8470613,"Brent Burns","COL","Burns, Brent",1e+06,"exact",0,"matched"
8471214,"Alex Ovechkin","WSH","Ovechkin, Alex",9500000,"exact",0,"matched"
8471215,"Evgeni Malkin","PIT","Malkin, Evgeni",6100000,"exact",0,"matched"
8471675,"Sidney Crosby","PIT","Crosby, Sidney",8700000,"exact",0,"matched"
8471685,"Anze Kopitar","LAK","Kopitar, Anze",7e+06,"exact",0,"matched"
8471724,"Kris Letang","PIT","Letang, Kris",6100000,"exact",0,"matched"
8471817,"Ryan Reaves","SJS","Reaves, Ryan",1350000,"exact",0,"matched"
8473419,"Brad Marchand","FLA","Marchand, Brad",5250000,"exact",0,"matched"
8473422,"Nick Foligno","CHI","Foligno, Nick",4500000,"exact",0,"matched"
8473507,"Jeff Petry","FLA","Petry, Jeff",775000,"exact",0,"matched"
8473512,"Claude Giroux","OTT","Giroux, Claude",2e+06,"exact",0,"matched"
8473533,"Jordan Staal","CAR","Staal, Jordan",2900000,"exact",0,"matched"
8473986,"Alex Killorn","ANA","Killorn, Alex",6250000,"exact",0,"matched"
8473994,"Jamie Benn","DAL","Benn, Jamie",1e+06,"exact",0,"matched"
8474013,"Ian Cole","UTA","Cole, Ian",2800000,"exact",0,"matched"
8474037,"James van Riemsdyk","DET","van Riemsdyk, James",1e+06,"exact",0,"matched"
8474102,"David Perron","OTT","Perron, David",4e+06,"exact",0,"matched"
8474141,"Patrick Kane","DET","Kane, Patrick",3e+06,"exact",0,"matched"
8474149,"Evgenii Dadonov","NJD","Dadonov, Evgenii",1e+06,"exact",0,"matched"
8474150,"Mikael Backlund","CGY","Backlund, Mikael",4500000,"exact",0,"matched"
8474151,"Ryan McDonagh","TBL","McDonagh, Ryan",6750000,"exact",0,"matched"
8474189,"Lars Eller","OTT","Eller, Lars",1250000,"exact",0,"matched"
8474563,"Drew Doughty","LAK","Doughty, Drew",1.1e+07,"exact",0,"matched"
8474564,"Steven Stamkos","NSH","Stamkos, Steven",8e+06,"exact",0,"matched"
8474567,"Zach Bogosian","MIN","Bogosian, Zach",1250000,"exact",0,"matched"
8474568,"Luke Schenn","WPG","Schenn, Luke",2750000,"exact",0,"matched"
8474574,"Tyler Myers","VAN","Myers, Tyler",3e+06,"exact",0,"matched"
8474578,"Erik Karlsson","PIT","Karlsson, Erik",1e+07,"exact",0,"matched"
8474586,"Jordan Eberle","SEA","Eberle, Jordan",4750000,"exact",0,"matched"
8474590,"John Carlson","WSH","Carlson, John",8e+06,"exact",0,"matched"
8474600,"Roman Josi","NSH","Josi, Roman",9059000,"exact",0,"matched"
8474612,"Travis Hamonic","DET","Hamonic, Travis",1e+06,"exact",0,"matched"
8474641,"Adam Henrique","EDM","Henrique, Adam",3e+06,"exact",0,"matched"
8474679,"Gustav Nyquist","WPG","Nyquist, Gustav",3250000,"exact",0,"matched"
8474716,"Jared Spurgeon","MIN","Spurgeon, Jared",7575000,"exact",0,"matched"
8475149,"Marcus Johansson","MIN","Johansson, Marcus",8e+05,"exact",0,"matched"
8475151,"Kyle Palmieri","NYI","Palmieri, Kyle",4750000,"exact",0,"matched"
8475158,"Ryan O'Reilly","NSH","O'Reilly, Ryan",4500000,"exact",0,"matched"
8475166,"John Tavares","TOR","Tavares, John",4389280,"exact",0,"matched"
8475167,"Victor Hedman","TBL","Hedman, Victor",8e+06,"exact",0,"matched"
8475168,"Matt Duchene","DAL","Duchene, Matt",4500000,"exact",0,"matched"
8475169,"Evander Kane","VAN","Kane, Evander",5125000,"exact",0,"matched"
8475170,"Brayden Schenn","STL","Schenn, Brayden",6500000,"exact",0,"matched"
8475171,"Oliver Ekman-Larsson","TOR","Ekman-Larsson, Oliver",3500000,"exact",0,"matched"
8475172,"Nazem Kadri","CGY","Kadri, Nazem",7e+06,"exact",0,"matched"
8475179,"Dmitry Kulikov","FLA","Kulikov, Dmitry",1150000,"exact",0,"matched"
8475181,"Nick Leddy","SJS","Leddy, Nick",4e+06,"exact",0,"matched"
8475184,"Chris Kreider","ANA","Kreider, Chris",6500000,"exact",0,"matched"
8475188,"Brayden McNabb","VGK","McNabb, Brayden",3650000,"exact",0,"matched"
8475191,"Reilly Smith","VGK","Smith, Reilly",2e+06,"exact",0,"matched"
8475200,"Dmitry Orlov","SJS","Orlov, Dmitry",6500000,"exact",0,"matched"
8475208,"Brian Dumoulin","LAK","Dumoulin, Brian",4e+06,"exact",0,"matched"
8475218,"Mattias Ekholm","EDM","Ekholm, Mattias",6e+06,"exact",0,"matched"
8475220,"Marcus Foligno","MIN","Foligno, Marcus",4e+06,"exact",0,"matched"
8475231,"Casey Cizikas","NYI","Cizikas, Casey",2500000,"exact",0,"matched"
8475235,"Nicolas Deslauriers","PHI","Deslauriers, Nicolas",1750000,"exact",0,"matched"
8475279,"Ben Chiarot","DET","Chiarot, Ben",4750000,"exact",0,"matched"
8475287,"Erik Haula","NSH","Haula, Erik",3150000,"exact",0,"matched"
8475314,"Anders Lee","NYI","Lee, Anders",7e+06,"exact",0,"matched"
8475324,"Nick Jensen","OTT","Jensen, Nick",4050000,"exact",0,"matched"
8475343,"Nic Dowd","WSH","Dowd, Nic",3e+06,"exact",0,"matched"
8475455,"Brenden Dillon","NJD","Dillon, Brenden",4e+06,"exact",0,"matched"
8475461,"Andrew Agozzino","UTA","Agozzino, Andrew",775000,"exact",0,"matched"
8475462,"Radko Gudas","ANA","Gudas, Radko",4e+06,"exact",0,"matched"
8475690,"Chris Tanev","TOR","Tanev, Christopher",4500000,"exact",0,"matched"
8475714,"Calle Jarnkrok","TOR","Jarnkrok, Calle",2100000,"exact",0,"matched"
8475718,"Justin Holl","DET","Holl, Justin",3400000,"exact",0,"matched"
8475722,"Jason Zucker","BUF","Zucker, Jason",4750000,"exact",0,"matched"
8475726,"Tyler Toffoli","SJS","Toffoli, Tyler",6e+06,"exact",0,"matched"
8475745,"Charlie Coyle","CBJ","Coyle, Charlie",5250000,"exact",0,"matched"
8475752,"Tyler Pitlick","MIN","Pitlick, Tyler",775000,"exact",0,"matched"
8475753,"Justin Faulk","STL","Faulk, Justin",6500000,"exact",0,"matched"
8475754,"Brock Nelson","COL","Nelson, Brock",7500000,"exact",0,"matched"
8475755,"Alexander Petrovic","DAL","Petrovic, Alexander",775000,"exact",0,"matched"
8475760,"Nick Bjugstad","STL","Bjugstad, Nick",1750000,"exact",0,"matched"
8475762,"Derek Forbort","VAN","Forbort, Derek",2e+06,"exact",0,"matched"
8475763,"Kevin Hayes","PIT","Hayes, Kevin",3571429,"exact",0,"matched"
8475764,"Cam Fowler","STL","Fowler, Cam",4e+06,"exact",0,"matched"
8475765,"Vladimir Tarasenko","MIN","Tarasenko, Vladimir",4750000,"exact",0,"matched"
8475768,"Jaden Schwartz","SEA","Schwartz, Jaden",5500000,"exact",0,"matched"
8475784,"Jeff Skinner","SJS","Skinner, Jeff",3e+06,"exact",0,"matched"
8475786,"Zach Hyman","EDM","Hyman, Zach",5500000,"exact",0,"matched"
8475790,"Erik Gudbranson","CBJ","Gudbranson, Erik",4e+06,"exact",0,"matched"
8475791,"Taylor Hall","CAR","Hall, Taylor",3166667,"exact",0,"matched"
8475794,"Tyler Seguin","DAL","Seguin, Tyler",9850000,"exact",0,"matched"
8475795,"Dylan McIlrath","WSH","McIlrath, Dylan",8e+05,"exact",0,"matched"
8475798,"Mikael Granlund","ANA","Granlund, Mikael",7e+06,"exact",0,"matched"
8475799,"Nino Niederreiter","WPG","Niederreiter, Nino",4e+06,"exact",0,"matched"
8475810,"Bryan Rust","PIT","Rust, Bryan",5125000,"exact",0,"matched"
8475842,"Sam Carrick","NYR","Carrick, Sam",1e+06,"exact",0,"matched"
8475848,"Brendan Gallagher","MTL","Gallagher, Brendan",6500000,"exact",0,"matched"
8475906,"John Klingberg","SJS","Klingberg, John",4e+06,"exact",0,"matched"
8475913,"Mark Stone","VGK","Stone, Mark",9500000,"exact",0,"matched"
8476278,"Colin Blackwell","DAL","Blackwell, Colin",775000,"exact",0,"matched"
8476292,"Ondrej Palat","NJD","Palat, Ondrej",6e+06,"exact",0,"matched"
8476312,"Josh Manson","COL","Manson, Josh",4500000,"exact",0,"matched"
8476331,"Dylan DeMelo","WPG","Demelo, Dylan",4900000,"exact",0,"matched"
8476372,"Nick Seeler","PHI","Seeler, Nick",2700000,"exact",0,"matched"
8476374,"Sean Kuraly","BOS","Kuraly, Sean",1850000,"exact",0,"matched"
8476389,"Vincent Trocheck","NYR","Trocheck, Vincent",5625000,"exact",0,"matched"
8476393,"Nick Cousins","OTT","Cousins, Nick",825000,"exact",0,"matched"
8476399,"Blake Coleman","CGY","Coleman, Blake",4900000,"exact",0,"matched"
8476419,"Jean-Gabriel Pageau","NYI","Pageau, Jean-Gabriel",5e+06,"exact",0,"matched"
8476422,"Mike Reilly","CAR","Reilly, Mike",1100000,"exact",0,"matched"
8476429,"Scott Mayfield","NYI","Mayfield, Scott",3500000,"exact",0,"matched"
8476432,"Boone Jenner","CBJ","Jenner, Boone",3750000,"exact",0,"matched"
8476438,"Brandon Saad","VGK","Saad, Brandon",2e+06,"exact",0,"matched"
8476441,"Joel Edmundson","LAK","Edmundson, Joel",3850000,"exact",0,"matched"
8476448,"William Karlsson","VGK","Karlsson, William",5900000,"exact",0,"matched"
8476453,"Nikita Kucherov","TBL","Kucherov, Nikita",9500000,"exact",0,"matched"
8476454,"Ryan Nugent-Hopkins","EDM","Nugent-Hopkins, Ryan",5125000,"exact",0,"matched"
8476455,"Gabriel Landeskog","COL","Landeskog, Gabriel",7e+06,"exact",0,"matched"
8476456,"Jonathan Huberdeau","CGY","Huberdeau, Jonathan",10500000,"exact",0,"matched"
8476457,"Adam Larsson","SEA","Larsson, Adam",5250000,"exact",0,"matched"
8476458,"Ryan Strome","ANA","Strome, Ryan",5e+06,"exact",0,"matched"
8476459,"Mika Zibanejad","NYR","Zibanejad, Mika",8500000,"exact",0,"matched"
8476460,"Mark Scheifele","WPG","Scheifele, Mark",8500000,"exact",0,"matched"
8476461,"Sean Couturier","PHI","Couturier, Sean",7750000,"exact",0,"matched"
8476462,"Dougie Hamilton","NJD","Hamilton, Dougie",9e+06,"exact",0,"matched"
8476463,"Jonas Brodin","MIN","Brodin, Jonas",6e+06,"exact",0,"matched"
8476467,"Jamie Oleksiak","SEA","Oleksiak, Jamie",4600000,"exact",0,"matched"
8476468,"J.T. Miller","NYR","Miller, J.T.",8e+06,"exact",0,"matched"
8476469,"Joel Armia","LAK","Armia, Joel",2500000,"exact",0,"matched"
8476473,"Connor Murphy","CHI","Murphy, Connor",4400000,"exact",0,"matched"
8476474,"Stefan Noesen","NJD","Noesen, Stefan",2750000,"exact",0,"matched"
8476479,"Phillip Danault","LAK","Danault, Phillip",5500000,"exact",0,"matched"
8476480,"Vladislav Namestnikov","WPG","Namestnikov, Vladislav",3e+06,"exact",0,"matched"
8476483,"Rickard Rakell","PIT","Rakell, Rickard",5e+06,"exact",0,"matched"
8476525,"Colin Miller","WPG","Miller, Colin",1500000,"exact",0,"matched"
8476539,"Jonathan Marchessault","NSH","Marchessault, Jonathan",5500000,"exact",0,"matched"
8476624,"Barclay Goodrow","SJS","Goodrow, Barclay",3641667,"exact",0,"matched"
8476826,"Yanni Gourde","TBL","Gourde, Yanni",2333333,"exact",0,"matched"
8476853,"Morgan Rielly","TOR","Rielly, Morgan",7500000,"exact",0,"matched"
8476854,"Hampus Lindholm","BOS","Lindholm, Hampus",6500000,"exact",0,"matched"
8476869,"Brady Skjei","NSH","Skjei, Brady",7e+06,"exact",0,"matched"
8476871,"Tanner Pearson","WPG","Pearson, Tanner",1e+06,"exact",0,"matched"
8476872,"Scott Laughton","TOR","Laughton, Scott",1500000,"exact",0,"matched"
8476873,"Mark Jankowski","CAR","Jankowski, Mark",8e+05,"exact",0,"matched"
8476874,"Olli Määttä","UTA","Maatta, Olli",3500000,"exact",0,"matched"
8476875,"Mike Matheson","MTL","Matheson, Mike",4875000,"exact",0,"matched"
8476878,"Zemgus Girgensons","TBL","Girgensons, Zemgus",850000,"exact",0,"matched"
8476879,"Cody Ceci","LAK","Ceci, Cody",4500000,"exact",0,"matched"
8476880,"Tom Wilson","WSH","Wilson, Tom",6500000,"exact",0,"matched"
8476881,"Tomas Hertl","VGK","Hertl, Tomas",6750000,"exact",0,"matched"
8476882,"Teuvo Teravainen","CHI","Teravainen, Teuvo",5400000,"exact",0,"matched"
8476885,"Jacob Trouba","ANA","Trouba, Jacob",8e+06,"exact",0,"matched"
8476887,"Filip Forsberg","NSH","Forsberg, Filip",8500000,"exact",0,"matched"
8476889,"Radek Faksa","DAL","Faksa, Radek",2e+06,"exact",0,"matched"
8476891,"Matt Grzelcyk","CHI","Grzelcyk, Matt",0,"exact",0,"matched"
8476892,"Colton Parayko","STL","Parayko, Colton",6500000,"exact",0,"matched"
8476897,"Oskar Sundqvist","STL","Sundqvist, Oskar",1500000,"exact",0,"matched"
8476902,"Esa Lindell","DAL","Lindell, Esa",5250000,"exact",0,"matched"
8476905,"Chandler Stephenson","SEA","Stephenson, Chandler",6250000,"exact",0,"matched"
8476906,"Shayne Gostisbehere","CAR","Gostisbehere, Shayne",3200000,"exact",0,"matched"
8476917,"Adam Pelech","NYI","Pelech, Adam",5750000,"exact",0,"matched"
8476921,"Jordan Martinook","CAR","Martinook, Jordan",3050000,"exact",0,"matched"
8476923,"Damon Severson","CBJ","Severson, Damon",6250000,"exact",0,"matched"
8476925,"Colton Sissons","VGK","Sissons, Colton",1428572,"exact",0,"matched"
8476927,"Teddy Blueger","VAN","Blueger, Teddy",1800000,"exact",0,"matched"
8476931,"Jake McCabe","TOR","McCabe, Jake",4513102,"exact",0,"matched"
8476958,"Jaccob Slavin","CAR","Slavin, Jaccob",6396062,"exact",0,"matched"
8476967,"Brett Kulak","EDM","Kulak, Brett",2750000,"exact",0,"matched"
8476979,"Erik Gustafsson","DET","Gustafsson, Erik",2e+06,"exact",0,"matched"
8476981,"Josh Anderson","MTL","Anderson, Josh",5500000,"exact",0,"matched"
8476988,"Matt Benning","TOR","Benning, Matt",1250000,"exact",0,"matched"
8476988,"Matt Benning","TOR","Benning, Matt",1250000,"exact",0,"matched"
8476994,"Vinnie Hinostroza","MIN","Hinostroza, Vinnie",775000,"exact",0,"matched"
8477015,"Connor Brown","NJD","Brown, Connor",3e+06,"exact",0,"matched"
8477018,"Ben Hutton","VGK","Hutton, Ben",975000,"exact",0,"matched"
8477021,"Alexander Kerfoot","UTA","Kerfoot, Alexander",3e+06,"exact",0,"matched"
8477073,"Kurtis MacDermid","OTT","MacDermid, Kurtis",1150000,"exact",0,"matched"
8477149,"Scott Sabourin","TBL","Sabourin, Scott",775000,"exact",0,"matched"
8477220,"Nate Schmidt","UTA","Schmidt, Nate",3500000,"exact",0,"matched"
8477335,"Kyle Burroughs","LAK","Burroughs, Kyle",1100000,"exact",0,"matched"
8477346,"MacKenzie Weegar","CGY","Weegar, MacKenzie",6250000,"exact",0,"matched"
8477365,"Connor Clifton","PIT","Clifton, Connor",3333333,"exact",0,"matched"
8477369,"Carson Soucy","NYR","Soucy, Carson",3250000,"exact",0,"matched"
8477380,"Jonny Brodzinski","NYR","Brodzinski, Jonny",787500,"exact",0,"matched"
8477402,"Pavel Buchnevich","STL","Buchnevich, Pavel",8e+06,"exact",0,"matched"
8477404,"Jake Guentzel","TBL","Guentzel, Jake",9e+06,"exact",0,"matched"
8477406,"Mattias Janmark","EDM","Janmark, Mattias",1450000,"exact",0,"matched"
8477407,"Anthony Duclair","NYI","Duclair, Anthony",3500000,"exact",0,"matched"
8477409,"Carter Verhaeghe","FLA","Verhaeghe, Carter",7e+06,"exact",0,"matched"
8477416,"Oliver Bjorkstrand","TBL","Bjorkstrand, Oliver",5400000,"exact",0,"matched"
8477419,"Mason Geertsen","BUF","Geertsen, Mason",775000,"exact",0,"matched"
8477425,"Miles Wood","CBJ","Wood, Miles",2500000,"exact",0,"matched"
8477426,"Nick Paul","TBL","Paul, Nick",3150000,"exact",0,"matched"
8477429,"Andrew Copp","DET","Copp, Andrew",5625000,"exact",0,"matched"
8477444,"Andre Burakovsky","CHI","Burakovsky, Andre",5500000,"exact",0,"matched"
8477446,"Michael McCarron","NSH","McCarron, Michael",9e+05,"exact",0,"matched"
8477447,"Shea Theodore","VGK","Theodore, Shea",7425000,"exact",0,"matched"
8477450,"Jason Dickinson","CHI","Dickinson, Jason",4250000,"exact",0,"matched"
8477451,"Ryan Hartman","MIN","Hartman, Ryan",4e+06,"exact",0,"matched"
8477456,"J.T. Compher","DET","Compher, J.T.",5100000,"exact",0,"matched"
8477476,"Artturi Lehkonen","COL","Lehkonen, Artturi",4500000,"exact",0,"matched"
8477478,"William Carrier","CAR","Carrier, William",2e+06,"exact",0,"matched"
8477479,"Tyler Bertuzzi","CHI","Bertuzzi, Tyler",5500000,"exact",0,"matched"
8477488,"Brett Pesce","NJD","Pesce, Brett",5500000,"exact",0,"matched"
8477492,"Nathan MacKinnon","COL","MacKinnon, Nathan",12600000,"exact",0,"matched"
8477493,"Aleksander Barkov","FLA","Barkov, Aleksander",1e+07,"exact",0,"matched"
8477494,"Jonathan Drouin","NYI","Drouin, Jonathan",4e+06,"exact",0,"matched"
8477495,"Seth Jones","FLA","Jones, Seth",7e+06,"exact",0,"matched"
8477496,"Elias Lindholm","BOS","Lindholm, Elias",7750000,"exact",0,"matched"
8477497,"Sean Monahan","CBJ","Monahan, Sean",5500000,"exact",0,"matched"
8477498,"Darnell Nurse","EDM","Nurse, Darnell",9250000,"exact",0,"matched"
8477500,"Bo Horvat","NYI","Horvat, Bo",8500000,"exact",0,"matched"
8477501,"Valeri Nichushkin","COL","Nichushkin, Valeri",6125000,"exact",0,"matched"
8477503,"Max Domi","TOR","Domi, Max",3750000,"exact",0,"matched"
8477504,"Josh Morrissey","WPG","Morrissey, Josh",6250000,"exact",0,"matched"
8477505,"Alexander Wennberg","SJS","Wennberg, Alexander",5e+06,"exact",0,"matched"
8477506,"Ryan Pulock","NYI","Pulock, Ryan",6150000,"exact",0,"matched"
8477507,"Nikita Zadorov","BOS","Zadorov, Nikita",5e+06,"exact",0,"matched"
8477508,"Curtis Lazar","EDM","Lazar, Curtis",775000,"exact",0,"matched"
8477511,"Anthony Mantha","PIT","Mantha, Anthony",2500000,"exact",0,"matched"
8477527,"Ross Johnston","ANA","Johnston, Ross",1100000,"exact",0,"matched"
8477541,"Dakota Mermis","TOR","Mermis, Dakota",812500,"exact",0,"matched"
8477573,"Nathan Walker","STL","Walker, Nathan",775000,"exact",0,"matched"
8477810,"Joel Hanley","CGY","Hanley, Joel",1750000,"exact",0,"matched"
8477845,"Trevor van Riemsdyk","WSH","van Riemsdyk, Trevor",3e+06,"exact",0,"matched"
8477903,"Garnet Hathaway","PHI","Hathaway, Garnet",2400000,"exact",0,"matched"
8477919,"Frederick Gaudreau","SEA","Gaudreau, Frederick",2100000,"exact",0,"matched"
8477932,"Aaron Ekblad","FLA","Ekblad, Aaron",6100000,"exact",0,"matched"
8477933,"Sam Reinhart","FLA","Reinhart, Sam",8625000,"exact",0,"matched"
8477934,"Leon Draisaitl","EDM","Draisaitl, Leon",1.4e+07,"exact",0,"matched"
8477935,"Sam Bennett","FLA","Bennett, Sam",8e+06,"exact",0,"matched"
8477938,"Haydn Fleury","WPG","Fleury, Haydn",950000,"exact",0,"matched"
8477939,"William Nylander","TOR","Nylander, William",11500000,"exact",0,"matched"
8477940,"Nikolaj Ehlers","CAR","Ehlers, Nikolaj",8500000,"exact",0,"matched"
8477942,"Kevin Fiala","LAK","Fiala, Kevin",7875000,"exact",0,"matched"
8477946,"Dylan Larkin","DET","Larkin, Dylan",8700000,"exact",0,"matched"
8477947,"Sonny Milano","WSH","Milano, Sonny",1900000,"exact",0,"matched"
8477948,"Travis Sanheim","PHI","Sanheim, Travis",6250000,"exact",0,"matched"
8477949,"Alex Tuch","BUF","Tuch, Alex",4750000,"exact",0,"matched"
8477950,"Tony DeAngelo","NYI","DeAngelo, Tony",1750000,"exact",0,"matched"
8477951,"Nick Schmaltz","UTA","Schmaltz, Nick",5850000,"exact",0,"matched"
8477953,"Kasperi Kapanen","EDM","Kapanen, Kasperi",1300000,"exact",0,"matched"
8477955,"Jared McCann","SEA","McCann, Jared",5e+06,"exact",0,"matched"
8477956,"David Pastrnak","BOS","Pastrnak, David",11250000,"exact",0,"matched"
8477960,"Adrian Kempe","LAK","Kempe, Adrian",5500000,"exact",0,"matched"
8477964,"Ivan Barbashev","VGK","Barbashev, Ivan",5e+06,"exact",0,"matched"
8477969,"Marcus Pettersson","VAN","Pettersson, Marcus",5500000,"exact",0,"matched"
8477986,"Brandon Montour","SEA","Montour, Brandon",7142857,"exact",0,"matched"
8477987,"Ryan Donato","CHI","Donato, Ryan",4e+06,"exact",0,"matched"
8477989,"Christian Dvorak","PHI","Dvorak, Christian",5400000,"exact",0,"matched"
8477993,"Justin Kirkland","CGY","Kirkland, Justin",9e+05,"exact",0,"matched"
8477996,"Juho Lammikko","NJD","Lammikko, Juho",8e+05,"exact",0,"matched"
8477998,"Warren Foegele","LAK","Foegele, Warren",3500000,"exact",0,"matched"
8478010,"Brayden Point","TBL","Point, Brayden",9500000,"exact",0,"matched"
8478013,"Jake Walman","EDM","Walman, Jake",3400000,"exact",0,"matched"
8478020,"Michael Amadio","OTT","Amadio, Michael",2600000,"exact",0,"matched"
8478038,"Devon Toews","COL","Toews, Devon",7250000,"exact",0,"matched"
8478042,"Viktor Arvidsson","BOS","Arvidsson, Viktor",4e+06,"exact",0,"matched"
8478043,"Sam Lafferty","CHI","Lafferty, Sam",2e+06,"exact",0,"matched"
8478047,"Michael Bunting","NSH","Bunting, Michael",4500000,"exact",0,"matched"
8478055,"Gustav Forsling","FLA","Forsling, Gustav",5750000,"exact",0,"matched"
8478057,"Dakota Joshua","TOR","Joshua, Dakota",3250000,"exact",0,"matched"
8478104,"Sammy Blais","MTL","Blais, Sammy",775000,"exact",0,"matched"
8478109,"Victor Olofsson","COL","Olofsson, Victor",1575000,"exact",0,"matched"
8478133,"Jake Evans","MTL","Evans, Jake",2850000,"exact",0,"matched"
8478173,"Hayden Hodgson","OTT","Hodgson, Hayden",775000,"exact",0,"matched"
8478178,"Darren Raddysh","TBL","Raddysh, Darren",975000,"exact",0,"matched"
8478233,"Andrew Mangiapane","EDM","Mangiapane, Andrew",3600000,"exact",0,"matched"
8478366,"Frank Vatrano","ANA","Vatrano, Frank",4571189,"exact",0,"matched"
8478396,"Noah Hanifin","VGK","Hanifin, Noah",7350000,"exact",0,"matched"
8478397,"Rasmus Andersson","CGY","Andersson, Rasmus",4550000,"exact",0,"matched"
8478398,"Kyle Connor","WPG","Connor, Kyle",7142857,"exact",0,"matched"
8478399,"Jonas Siegenthaler","NJD","Siegenthaler, Jonas",3400000,"exact",0,"matched"
8478401,"Pavel Zacha","BOS","Zacha, Pavel",4750000,"exact",0,"matched"
8478402,"Connor McDavid","EDM","McDavid, Connor",12500000,"exact",0,"matched"
8478403,"Jack Eichel","VGK","Eichel, Jack",1e+07,"exact",0,"matched"
8478407,"Vince Dunn","SEA","Dunn, Vince",7350000,"exact",0,"matched"
8478413,"Jordan Greenway","BUF","Greenway, Jordan",4e+06,"exact",0,"matched"
8478414,"Timo Meier","NJD","Meier, Timo",8800000,"exact",0,"matched"
8478416,"Erik Cernak","TBL","Cernak, Erik",5200000,"exact",0,"matched"
8478420,"Mikko Rantanen","DAL","Rantanen, Mikko",1.2e+07,"exact",0,"matched"
8478421,"A.J. Greer","FLA","Greer, A.J.",850000,"exact",0,"matched"
8478424,"Jansen Harkins","ANA","Harkins, Jansen",787500,"exact",0,"matched"
8478427,"Sebastian Aho","CAR","Aho, Sebastian",9750000,"exact",0,"matched"
8478434,"Keegan Kolesar","VGK","Kolesar, Keegan",2500000,"exact",0,"matched"
8478438,"Tommy Novak","PIT","Novak, Thomas",3500000,"exact",0,"matched"
8478439,"Travis Konecny","PHI","Konecny, Travis",8750000,"exact",0,"matched"
8478440,"Dylan Strome","WSH","Strome, Dylan",5e+06,"exact",0,"matched"
8478443,"Brandon Carlo","TOR","Carlo, Brandon",3485000,"exact",0,"matched"
8478444,"Brock Boeser","VAN","Boeser, Brock",7250000,"exact",0,"matched"
8478445,"Mathew Barzal","NYI","Barzal, Mathew",9150000,"exact",0,"matched"
8478449,"Roope Hintz","DAL","Hintz, Roope",8450000,"exact",0,"matched"
8478450,"Parker Wotherspoon","PIT","Wotherspoon, Parker",1e+06,"exact",0,"matched"
8478451,"Ethan Bear","NYI","Bear, Ethan",775000,"exact",0,"matched"
8478452,"Caleb Jones","PIT","Jones, Caleb",9e+05,"exact",0,"matched"
8478454,"Noah Juulsen","PHI","Juulsen, Noah",9e+05,"exact",0,"matched"
8478460,"Zach Werenski","CBJ","Werenski, Zach",9583333,"exact",0,"matched"
8478462,"Nicolas Roy","TOR","Roy, Nicolas",3e+06,"exact",0,"matched"
8478463,"Anthony Beauvillier","WSH","Beauvillier, Anthony",2750000,"exact",0,"matched"
8478468,"Jeremy Lauzon","VGK","Lauzon, Jeremy",2e+06,"exact",0,"matched"
8478469,"Thomas Chabot","OTT","Chabot, Thomas",8e+06,"exact",0,"matched"
8478472,"Mathieu Joseph","STL","Joseph, Mathieu",2950000,"exact",0,"matched"
8478474,"Lawson Crouse","UTA","Crouse, Lawson",4300000,"exact",0,"matched"
8478483,"Mitch Marner","VGK","Marner, Mitchell",1.2e+07,"exact",0,"matched"
8478493,"Joel Eriksson Ek","MIN","Eriksson Ek, Joel",5250000,"exact",0,"matched"
8478498,"Jake DeBrusk","VAN","DeBrusk, Jake",5500000,"exact",0,"matched"
8478500,"Ivan Provorov","CBJ","Provorov, Ivan",8500000,"exact",0,"matched"
8478502,"Dennis Gilbert","PHI","Gilbert, Dennis",875000,"exact",0,"matched"
8478507,"John Marino","UTA","Marino, John",4400000,"exact",0,"matched"
8478508,"Yakov Trenin","MIN","Trenin, Yakov",3500000,"exact",0,"matched"
8478519,"Anthony Cirelli","TBL","Cirelli, Anthony",6250000,"exact",0,"matched"
8478542,"Evan Rodrigues","FLA","Rodrigues, Evan",3e+06,"exact",0,"matched"
8478550,"Artemi Panarin","NYR","Panarin, Artemi",11642857,"exact",0,"matched"
8478569,"Noel Acciari","PIT","Acciari, Noel",2e+06,"exact",0,"matched"
8478831,"Kevin Stenlund","UTA","Stenlund, Kevin",2e+06,"exact",0,"matched"
8478851,"Alexandre Carrier","MTL","Carrier, Alexandre",3750000,"exact",0,"matched"
8478854,"Ryan Shea","PIT","Shea, Ryan",9e+05,"exact",0,"matched"
8478856,"Conor Garland","VAN","Garland, Conor",4950000,"exact",0,"matched"
8478859,"Niko Mikkola","FLA","Mikkola, Niko",2500000,"exact",0,"matched"
8478864,"Kirill Kaprizov","MIN","Kaprizov, Kirill",9e+06,"exact",0,"matched"
8478873,"Troy Terry","ANA","Terry, Troy",7e+06,"exact",0,"matched"
8478874,"Adam Gaudette","SJS","Gaudette, Adam",2e+06,"exact",0,"matched"
8478882,"Vladislav Gavrikov","NYR","Gavrikov, Vladislav",7e+06,"exact",0,"matched"
8478891,"Mason Appleton","DET","Appleton, Mason",2900000,"exact",0,"matched"
8478904,"Steven Lorentz","TOR","Lorentz, Steven",1350000,"exact",0,"matched"
8478911,"Matt Roy","WSH","Roy, Matt",5750000,"exact",0,"matched"
8478970,"Jalen Chatfield","CAR","Chatfield, Jalen",3e+06,"exact",0,"matched"
8478975,"Mason Marchment","SEA","Marchment, Mason",4500000,"exact",0,"matched"
8479022,"Rodrigo Abols","PHI","Abols, Rodrigo",8e+05,"exact",0,"matched"
8479026,"Philippe Myers","TOR","Myers, Philippe",850000,"exact",0,"matched"
8479066,"Ryan Lomberg","CGY","Lomberg, Ryan",2e+06,"exact",0,"matched"
8479293,"Brandon Tanev","UTA","Tanev, Brandon",2500000,"exact",0,"matched"
8479315,"Joey Anderson","CHI","Anderson, Joey",8e+05,"exact",0,"matched"
8479316,"Luke Kunin","FLA","Kunin, Luke",775000,"exact",0,"matched"
8479318,"Auston Matthews","TOR","Matthews, Auston",13250000,"exact",0,"matched"
8479323,"Adam Fox","NYR","Fox, Adam",9500000,"exact",0,"matched"
8479324,"Ryan Lindgren","SEA","Lindgren, Ryan",4500000,"exact",0,"matched"
8479325,"Charlie McAvoy","BOS","McAvoy, Charlie",9500000,"exact",0,"matched"
8479337,"Alex DeBrincat","DET","Debrincat, Alex",7875000,"exact",0,"matched"
8479339,"Patrik Laine","MTL","Laine, Patrik",8700000,"exact",0,"matched"
8479343,"Clayton Keller","UTA","Keller, Clayton",7150000,"exact",0,"matched"
8479345,"Jakob Chychrun","WSH","Chychrun, Jakob",9e+06,"exact",0,"matched"
8479351,"Sam Steel","DAL","Steel, Sam",2100000,"exact",0,"matched"
8479353,"Brett Howden","VGK","Howden, Brett",2500000,"exact",0,"matched"
8479359,"Beck Malenstyn","BUF","Malenstyn, Beck",1350000,"exact",0,"matched"
8479365,"Trent Frederic","EDM","Frederic, Trent",3850000,"exact",0,"matched"
8479368,"Max Jones","EDM","Jones, Max",1e+06,"exact",0,"matched"
8479369,"Andrew Peeke","BOS","Peeke, Andrew",2750000,"exact",0,"matched"
8479370,"Tyson Jost","NSH","Jost, Tyson",775000,"exact",0,"matched"
8479371,"Dante Fabbro","CBJ","Fabbro, Dante",4125000,"exact",0,"matched"
8479372,"Joshua Mahura","SEA","Mahura, Josh",907500,"exact",0,"matched"
8479378,"Logan Stanley","WPG","Stanley, Logan",1250000,"exact",0,"matched"
8479383,"Boris Katchouk","TBL","Katchouk, Boris",775000,"exact",0,"matched"
8479385,"Jordan Kyrou","STL","Kyrou, Jordan",8125000,"exact",0,"matched"
8479387,"Keaton Middleton","COL","Middleton, Keaton",775000,"exact",0,"matched"
8479390,"Taylor Raddysh","NYR","Raddysh, Taylor",1500000,"exact",0,"matched"
8479395,"Dennis Cholowski","NJD","Cholowski, Dennis",775000,"exact",0,"matched"
8479398,"Samuel Girard","COL","Girard, Samuel",5e+06,"exact",0,"matched"
8479400,"Pierre-Luc Dubois","WSH","Dubois, Pierre-Luc",8500000,"exact",0,"matched"
8479402,"Jake Bean","CGY","Bean, Jake",1750000,"exact",0,"matched"
8479407,"Jesper Bratt","NJD","Bratt, Jesper",7875000,"exact",0,"matched"
8479410,"Mikhail Sergachev","UTA","Sergachev, Mikhail",8500000,"exact",0,"matched"
8479414,"Nathan Bastian","DAL","Bastian, Nathan",775000,"exact",0,"matched"
8479420,"Tage Thompson","BUF","Thompson, Tage",7142857,"exact",0,"matched"
8479421,"Jacob Moverare","LAK","Moverare, Jacob",775000,"exact",0,"matched"
8479425,"Filip Hronek","VAN","Hronek, Filip",7250000,"exact",0,"matched"
8479442,"Troy Stecher","EDM","Stecher, Troy",787500,"exact",0,"matched"
8479520,"Brandon Duhaime","WSH","Duhaime, Brandon",1850000,"exact",0,"matched"
8479525,"Ross Colton","COL","Colton, Ross",4e+06,"exact",0,"matched"
8479542,"Brandon Hagel","TBL","Hagel, Brandon",6500000,"exact",0,"matched"
8479543,"Michael Pezzetta","TOR","Pezzetta, Michael",812500,"exact",0,"matched"
8479576,"Vincent Desharnais","SJS","Desharnais, Vincent",2e+06,"exact",0,"matched"
8479591,"Michael Eyssimont","BOS","Eyssimont, Michael",1450000,"exact",0,"matched"
8479619,"Michael Carcone","UTA","Carcone, Michael",775000,"exact",0,"matched"
8479638,"Justin Brazeau","PIT","Brazeau, Justin",1500000,"exact",0,"matched"
8479661,"Tanner Jeannot","BOS","Jeannot, Tanner",3400000,"exact",0,"matched"
8479671,"Mathieu Olivier","CBJ","Olivier, Mathieu",3e+06,"exact",0,"matched"
8479675,"Trevor Moore","LAK","Moore, Trevor",4200000,"exact",0,"matched"
8479705,"Jeffrey Viel","BOS","Viel, Jeffrey",775000,"exact",0,"matched"
8479941,"Justin Danforth","BUF","Danforth, Justin",1800000,"exact",0,"matched"
8479977,"Kailer Yamamoto","UTA","Yamamoto, Kailer",775000,"exact",0,"matched"
8479980,"Nicolas Hague","NSH","Hague, Nicolas",5500000,"exact",0,"matched"
8479981,"Jonah Gadjovich","FLA","Gadjovich, Jonah",775000,"exact",0,"matched"
8479982,"Conor Timmins","BUF","Timmins, Conor",2200000,"exact",0,"matched"
8479983,"Mario Ferraro","SJS","Ferraro, Mario",3250000,"exact",0,"matched"
8479985,"Cale Fleury","SEA","Fleury, Cale",890000,"exact",0,"matched"
8479987,"Morgan Geekie","BOS","Geekie, Morgan",5500000,"exact",0,"matched"
8479992,"Michael Rasmussen","DET","Rasmussen, Michael",3200000,"exact",0,"matched"
8479996,"Cody Glass","NJD","Glass, Cody",2500000,"exact",0,"matched"
8479998,"Mikey Anderson","LAK","Anderson, Mikey",4125000,"exact",0,"matched"
8479999,"Casey Mittelstadt","BOS","Mittelstadt, Casey",5750000,"exact",0,"matched"
8480001,"Urho Vaakanainen","NYR","Vaakanainen, Urho",1550000,"exact",0,"matched"
8480002,"Nico Hischier","NJD","Hischier, Nico",7250000,"exact",0,"matched"
8480003,"Jesper Boqvist","FLA","Boqvist, Jesper",1500000,"exact",0,"matched"
8480007,"Jonas Rondbjerg","VGK","Rondbjerg, Jonas",775000,"exact",0,"matched"
8480009,"Eeli Tolvanen","SEA","Tolvanen, Eeli",3475000,"exact",0,"matched"
8480012,"Elias Pettersson","VAN","Pettersson, Elias",11600000,"exact",0,"matched"
8480012,"Elias Pettersson","VAN","Pettersson, Elias",838333,"exact",0,"matched"
8480014,"Gabriel Vilardi","WPG","Vilardi, Gabriel",7500000,"exact",0,"matched"
8480015,"Owen Tippett","PHI","Tippett, Owen",6200000,"exact",0,"matched"
8480018,"Nick Suzuki","MTL","Suzuki, Nick",7875000,"exact",0,"matched"
8480021,"Jack Studnicka","FLA","Studnicka, Jack",775000,"exact",0,"matched"
8480023,"Robert Thomas","STL","Thomas, Robert",8125000,"exact",0,"matched"
8480027,"Jason Robertson","DAL","Robertson, Jason",7750000,"exact",0,"matched"
8480028,"Morgan Frost","CGY","Frost, Morgan",4375000,"exact",0,"matched"
8480035,"Henri Jokiharju","BOS","Jokiharju, Henri",3e+06,"exact",0,"matched"
8480036,"Miro Heiskanen","DAL","Heiskanen, Miro",8450000,"exact",0,"matched"
8480039,"Martin Necas","COL","Necas, Martin",6500000,"exact",0,"matched"
8480043,"Timothy Liljegren","SJS","Liljegren, Timothy",3e+06,"exact",0,"matched"
8480049,"Dylan Samberg","WPG","Samberg, Dylan",5750000,"exact",0,"matched"
8480064,"Josh Norris","BUF","Norris, Joshua",7950000,"exact",0,"matched"
8480068,"Ryan Poehling","ANA","Poehling, Ryan",1900000,"exact",0,"matched"
8480069,"Cale Makar","COL","Makar, Cale",9e+06,"exact",0,"matched"
8480074,"Alexandre Texier","STL","Texier, Alexandre",2100000,"exact",0,"matched"
8480078,"Filip Chytil","VAN","Chytil, Filip",4437500,"exact",0,"matched"
8480084,"Nick DeSimone","UTA","DeSimone, Nick",8e+05,"exact",0,"matched"
8480113,"Alex Iafallo","WPG","Iafallo, Alex",3666666,"exact",0,"matched"
8480144,"David Kampf","TOR","Kampf, David",2400000,"exact",0,"matched"
8480144,"David Kampf","TOR","Kampf, David",2400000,"exact",0,"matched"
8480145,"Neal Pionk","WPG","Pionk, Neal",7e+06,"exact",0,"matched"
8480185,"Eetu Luostarinen","FLA","Luostarinen, Eetu",3e+06,"exact",0,"matched"
8480188,"Fabian Zetterlund","OTT","Zetterlund, Fabian",4275000,"exact",0,"matched"
8480192,"Johnathan Kovacevic","NJD","Kovacevic, Johnathan",4e+06,"exact",0,"matched"
8480196,"Jacob Bryson","BUF","Bryson, Jacob",9e+05,"exact",0,"matched"
8480208,"Drake Batherson","OTT","Batherson, Drake",4975000,"exact",0,"matched"
8480220,"Noah Cates","PHI","Cates, Noah",4e+06,"exact",0,"matched"
8480245,"Olle Lycksell","OTT","Lycksell, Olle",775000,"exact",0,"matched"
8480289,"Morgan Barron","WPG","Barron, Morgan",1850000,"exact",0,"matched"
8480292,"Carson Meyer","BUF","Meyer, Carson",775000,"exact",0,"matched"
8480336,"Sean Walker","CAR","Walker, Sean",3600000,"exact",0,"matched"
8480355,"Mark Kastelic","BOS","Kastelic, Mark",1566667,"exact",0,"matched"
8480426,"Charle-Edouard D'Astous","TBL","D'Astous, Charle-Edouard",775000,"exact",0,"matched"
8480434,"Sean Durzi","UTA","Durzi, Sean",6e+06,"exact",0,"matched"
8480448,"Parker Kelly","COL","Kelly, Parker",825000,"exact",0,"matched"
8480459,"Pius Suter","STL","Suter, Pius",4125000,"exact",0,"matched"
8480727,"Zach Whitecloud","VGK","Whitecloud, Zach",2750000,"exact",0,"matched"
8480748,"Kiefer Sherwood","VAN","Sherwood, Kiefer",1500000,"exact",0,"matched"
8480762,"Eric Robinson","CAR","Robinson, Eric",1700000,"exact",0,"matched"
8480796,"Martin Fehérváry","WSH","Fehervary, Martin",2675000,"exact",0,"matched"
8480797,"Joel Farabee","CGY","Farabee, Joel",5e+06,"exact",0,"matched"
8480798,"Philipp Kurashev","SJS","Kurashev, Philipp",1200000,"exact",0,"matched"
8480800,"Quinn Hughes","VAN","Hughes, Quinn",7850000,"exact",0,"matched"
8480801,"Brady Tkachuk","OTT","Tkachuk, Brady",8205714,"exact",0,"matched"
8480802,"Ryan McLeod","BUF","McLeod, Ryan",5e+06,"exact",0,"matched"
8480803,"Evan Bouchard","EDM","Bouchard, Evan",10500000,"exact",0,"matched"
8480806,"Isac Lundestrom","CBJ","Lundestrom, Isac",1300000,"exact",0,"matched"
8480807,"Mattias Samuelsson","BUF","Samuelsson, Mattias",4285714,"exact",0,"matched"
8480813,"Joe Veleno","MTL","Veleno, Joseph",9e+05,"exact",0,"matched"
8480817,"K'Andre Miller","CAR","Miller, K'Andre",7500000,"exact",0,"matched"
8480829,"Jesperi Kotkaniemi","CAR","Kotkaniemi, Jesperi",4820000,"exact",0,"matched"
8480830,"Andrei Svechnikov","CAR","Svechnikov, Andrei",7750000,"exact",0,"matched"
8480831,"Alec Regula","EDM","Regula, Alec",775000,"exact",0,"matched"
8480834,"Ty Emberson","EDM","Emberson, Ty",1300000,"exact",0,"matched"
8480835,"Jack Drury","COL","Drury, Jack",1725000,"exact",0,"matched"
8480836,"Jonathan Gruden","NJD","Gruden, Jonathan",775000,"exact",0,"matched"
8480839,"Rasmus Dahlin","BUF","Dahlin, Rasmus",1.1e+07,"exact",0,"matched"
8480840,"Oskar Bäck","DAL","Back, Oskar",825000,"exact",0,"matched"
8480842,"Filip Hallander","PIT","Hallander, Filip",775000,"exact",0,"matched"
8480848,"Ty Dellandrea","SJS","Dellandrea, Ty",1300000,"exact",0,"matched"
8480849,"Barrett Hayton","UTA","Hayton, Barrett",2650000,"exact",0,"matched"
8480855,"Jack McBain","UTA","McBain, Jack",4250000,"exact",0,"matched"
8480860,"Kevin Bahl","CGY","Bahl, Kevin",5350000,"exact",0,"matched"
8480865,"Noah Dobson","MTL","Dobson, Noah",9500000,"exact",0,"matched"
8480871,"Adam Boqvist","NYI","Boqvist, Adam",850000,"exact",0,"matched"
8480873,"Rasmus Sandin","WSH","Sandin, Rasmus",4600000,"exact",0,"matched"
8480874,"Adam Ginning","PHI","Ginning, Adam",787500,"exact",0,"matched"
8480876,"Curtis Douglas","UTA","Douglas, Curtis",775000,"exact",0,"matched"
8480878,"Nils Lundkvist","DAL","Lundkvist, Nils",1250000,"exact",0,"matched"
8480879,"Jacob Bernard-Docker","DET","Bernard-Docker, Jacob",875000,"exact",0,"matched"
8480884,"Calen Addison","NJD","Addison, Calen",775000,"exact",0,"matched"
8480887,"Jordan Harris","BOS","Harris, Jordan",825000,"exact",0,"matched"
8480890,"Jan Jenik","OTT","Jenik, Jan",775000,"exact",0,"matched"
8480891,"Michael Kesselring","BUF","Kesselring, Michael",1400000,"exact",0,"matched"
8480893,"Kirill Marchenko","CBJ","Marchenko, Kirill",3850000,"exact",0,"matched"
8480950,"Ilya Lyubushkin","DAL","Lyubushkin, Ilya",3250000,"exact",0,"matched"
8480980,"Connor Dewar","PIT","Dewar, Connor",1100000,"exact",0,"matched"
8480990,"Declan Chisholm","WSH","Chisholm, Declan",1600000,"exact",0,"matched"
8480995,"Pontus Holmberg","TBL","Holmberg, Pontus",1550000,"exact",0,"matched"
8481006,"Tyler Tucker","STL","Tucker, Tyler",925000,"exact",0,"matched"
8481013,"Jonatan Berggren","DET","Berggren, Jonatan",1825000,"exact",0,"matched"
8481014,"Alexander Romanov","NYI","Romanov, Alexander",6250000,"exact",0,"matched"
8481019,"David Gustafsson","WPG","Gustafsson, David",835000,"exact",0,"matched"
8481024,"Linus Karlsson","VAN","Karlsson, Linus",775000,"exact",0,"matched"
8481028,"Martin Pospisil","CGY","Pospisil, Martin",1e+06,"exact",0,"matched"
8481032,"Paul Cotter","NJD","Cotter, Paul",775000,"exact",0,"matched"
8481043,"Cole Koepke","WPG","Koepke, Cole",1e+06,"exact",0,"matched"
8481056,"Spencer Stastney","NSH","Stastney, Spencer",825000,"exact",0,"matched"
8481068,"Yegor Sharangovich","CGY","Sharangovich, Yegor",5750000,"exact",0,"matched"
8481122,"Simon Benoit","TOR","Benoit, Simon",1350000,"exact",0,"matched"
8481133,"Cole Reinhardt","VGK","Reinhardt, Cole",812500,"exact",0,"matched"
8481161,"Jake Christiansen","CBJ","Christiansen, Jake",975000,"exact",0,"matched"
8481167,"Brayden Pachal","CGY","Pachal, Brayden",1187500,"exact",0,"matched"
8481219,"Jonathan Aspirot","BOS","Aspirot, Jonathan",775000,"exact",0,"matched"
8481237,"Kyle MacLean","NYI","MacLean, Kyle",775000,"exact",0,"matched"
8481477,"Nico Sturm","MIN","Sturm, Nico",2e+06,"exact",0,"matched"
8481481,"Blake Lizotte","PIT","Lizotte, Blake",1850000,"exact",0,"matched"
8481491,"Noah Philp","EDM","Philp, Noah",775000,"exact",0,"matched"
8481522,"Peyton Krebs","BUF","Krebs, Peyton",1450000,"exact",0,"matched"
8481523,"Kirby Dach","MTL","Dach, Kirby",3362500,"exact",0,"matched"
8481524,"Bowen Byram","BUF","Byram, Bowen",6250000,"exact",0,"matched"
8481525,"Matthew Robertson","NYR","Robertson, Matthew",775000,"exact",0,"matched"
8481527,"Kaedan Korczak","VGK","Korczak, Kaedan",825000,"exact",0,"matched"
8481528,"Dylan Cozens","OTT","Cozens, Dylan",7100000,"exact",0,"matched"
8481532,"Alex Turcotte","LAK","Turcotte, Alex",775000,"exact",0,"matched"
8481533,"Trevor Zegras","PHI","Zegras, Trevor",5750000,"exact",0,"matched"
8481535,"Nils Hoglander","VAN","Hoglander, Nils",3e+06,"exact",0,"matched"
8481540,"Cole Caufield","MTL","Caufield, Cole",7850000,"exact",0,"matched"
8481542,"Moritz Seider","DET","Seider, Moritz",8550000,"exact",0,"matched"
8481546,"Cam York","PHI","York, Cameron",5150000,"exact",0,"matched"
8481553,"Bobby Brink","PHI","Brink, Bobby",1500000,"exact",0,"matched"
8481554,"Kaapo Kakko","SEA","Kakko, Kaapo",4525000,"exact",0,"matched"
8481556,"John Beecher","BOS","Beecher, John",9e+05,"exact",0,"matched"
8481557,"Matt Boldy","MIN","Boldy, Matt",7e+06,"exact",0,"matched"
8481559,"Jack Hughes","NJD","Hughes, Jack",8e+06,"exact",0,"matched"
8481560,"Arthur Kaliyev","OTT","Kaliyev, Arthur",775000,"exact",0,"matched"
8481563,"Drew Helleson","ANA","Helleson, Drew",1100000,"exact",0,"matched"
8481564,"Ryan Johnson","BUF","Johnson, Ryan",775000,"exact",0,"matched"
8481567,"Henry Thrun","TOR","Thrun, Henry",1e+06,"exact",0,"matched"
8481568,"Alex Vlasic","CHI","Vlasic, Alex",4600000,"exact",0,"matched"
8481572,"Ville Heinola","WPG","Heinola, Ville",8e+05,"exact",0,"matched"
8481575,"Lassi Thomson","OTT","Thomson, Lassi",775000,"exact",0,"matched"
8481577,"Philip Tomasino","PIT","Tomasino, Philip",1750000,"exact",0,"matched"
8481580,"Connor McMichael","WSH","McMichael, Connor",2100000,"exact",0,"matched"
8481581,"Thomas Harley","DAL","Harley, Thomas",4e+06,"exact",0,"matched"
8481582,"Nicholas Robertson","TOR","Robertson, Nicholas",1825000,"exact",0,"matched"
8481593,"Jayden Struble","MTL","Struble, Jayden",1412500,"exact",0,"matched"
8481594,"Nathan Légaré","NJD","Legare, Nathan",775000,"exact",0,"matched"
8481596,"Shane Pinto","OTT","Pinto, Shane",3750000,"exact",0,"matched"
8481598,"Philip Broberg","STL","Broberg, Philip",4580917,"exact",0,"matched"
8481600,"Tobias Bjornfot","FLA","Bjornfot, Tobias",775000,"exact",0,"matched"
8481601,"Simon Holmstrom","NYI","Holmstrom, Simon",3625000,"exact",0,"matched"
8481604,"Pavel Dorofeyev","VGK","Dorofeyev, Pavel",1835000,"exact",0,"matched"
8481605,"Jackson LaCombe","ANA","LaCombe, Jackson",925000,"exact",0,"matched"
8481606,"Jordan Spence","OTT","Spence, Jordan",1500000,"exact",0,"matched"
8481607,"Albert Johansson","DET","Johansson, Albert",1125000,"exact",0,"matched"
8481617,"Vasily Podkolzin","EDM","Podkolzin, Vasily",1e+06,"exact",0,"matched"
8481618,"Alex Newhook","MTL","Newhook, Alex",2900000,"exact",0,"matched"
8481624,"Ilya Mikheyev","CHI","Mikheyev, Ilya",4037500,"exact",0,"matched"
8481641,"Joel Kiviranta","COL","Kiviranta, Joel",1250000,"exact",0,"matched"
8481655,"Cole Schwindt","FLA","Schwindt, Cole",825000,"exact",0,"matched"
8481656,"Aliaksei Protas","WSH","Protas, Aliaksei",3375000,"exact",0,"matched"
8481704,"Juuso Parssinen","NYR","Parssinen, Juuso",1250000,"exact",0,"matched"
8481711,"Matias Maccelli","TOR","Maccelli, Matias",3425000,"exact",0,"matched"
8481712,"Matěj  Blümel","BOS","Blumel, Matej",875000,"exact",0,"matched"
8481715,"Hunter Skinner","STL","Skinner, Hunter",775000,"exact",0,"matched"
8481716,"Dmitri Voronkov","CBJ","Voronkov, Dmitri",4175000,"exact",0,"matched"
8481721,"Arseny Gritsyuk","NJD","Gritsyuk, Arseny",925000,"exact",0,"matched"
8481725,"Elmer Soderblom","DET","Soderblom, Elmer",1125000,"exact",0,"matched"
8481726,"Adam Edstrom","NYR","Edstrom, Adam",975000,"exact",0,"matched"
8481754,"Nikita Nesterenko","ANA","Nesterenko, Nikita",787500,"exact",0,"matched"
8481789,"Tye Kartye","SEA","Kartye, Tye",1250000,"exact",0,"matched"
8481806,"Louis Crevier","CHI","Crevier, Louis",9e+05,"exact",0,"matched"
8482055,"Drew O'Connor","VAN","O'Connor, Drew",2500000,"exact",0,"matched"
8482062,"Cole Smith","NSH","Smith, Cole",1e+06,"exact",0,"matched"
8482070,"Mitchell Chaffee","TBL","Chaffee, Mitchell",8e+05,"exact",0,"matched"
8482072,"Jack Ahcan","COL","Ahcan, Jack",775000,"exact",0,"matched"
8482073,"Braden Schneider","NYR","Schneider, Braden",2200000,"exact",0,"matched"
8482074,"Connor Zary","CGY","Zary, Connor",3775000,"exact",0,"matched"
8482077,"Dylan Holloway","STL","Holloway, Dylan",2290457,"exact",0,"matched"
8482078,"Lucas Raymond","DET","Raymond, Lucas",8075000,"exact",0,"matched"
8482079,"Marco Rossi","MIN","Rossi, Marco",5e+06,"exact",0,"matched"
8482087,"Kaiden Guhle","MTL","Guhle, Kaiden",5550000,"exact",0,"matched"
8482088,"Justin Sourdif","WSH","Sourdif, Justin",825000,"exact",0,"matched"
8482089,"Jake Neighbours","STL","Neighbours, Jake",3750000,"exact",0,"matched"
8482090,"Jack Finley","TBL","Finley, Jack",775000,"exact",0,"matched"
8482092,"Ridly Greig","OTT","Greig, Ridly",3250000,"exact",0,"matched"
8482093,"Seth Jarvis","CAR","Jarvis, Seth",7420087,"exact",0,"matched"
8482094,"Daemon Hunt","MIN","Hunt, Daemon",775000,"exact",0,"matched"
8482095,"Tyler Kleven","OTT","Kleven, Tyler",1600000,"exact",0,"matched"
8482097,"Jack Quinn","BUF","Quinn, Jack",3375000,"exact",0,"matched"
8482100,"Alexander Nikishin","CAR","Nikishin, Alexander",925000,"exact",0,"matched"
8482103,"Ozzy Wiesblatt","NSH","Wiesblatt, Ozzy",775000,"exact",0,"matched"
8482105,"Jake Sanderson","OTT","Sanderson, Jake",8050000,"exact",0,"matched"
8482109,"Alexis Lafrenière","NYR","Lafreniere, Alexis",7450000,"exact",0,"matched"
8482110,"Dawson Mercer","NJD","Mercer, Dawson",4e+06,"exact",0,"matched"
8482111,"Justin Barron","NSH","Barron, Justin",1150000,"exact",0,"matched"
8482113,"Anton Lundell","FLA","Lundell, Anton",5e+06,"exact",0,"matched"
8482116,"Tim Stützle","OTT","Stutzle, Tim",8350000,"exact",0,"matched"
8482117,"Lukas Reichel","CHI","Reichel, Lukas",1200000,"exact",0,"matched"
8482118,"Sam Colangelo","ANA","Colangelo, Sam",850000,"exact",0,"matched"
8482122,"Brock Faber","MIN","Faber, Brock",8500000,"exact",0,"matched"
8482124,"Quinton Byfield","LAK","Byfield, Quinton",6250000,"exact",0,"matched"
8482131,"Donovan Sebrango","OTT","Sebrango, Donovan",775000,"exact",0,"matched"
8482132,"Brett Berard","NYR","Berard, Brett",867500,"exact",0,"matched"
8482142,"Jamie Drysdale","PHI","Drysdale, Jamie",2300000,"exact",0,"matched"
8482145,"Mavrik Bourque","DAL","Bourque, Mavrik",950000,"exact",0,"matched"
8482146,"Luke Evangelista","NSH","Evangelista, Luke",3e+06,"exact",0,"matched"
8482149,"Cole Perfetti","WPG","Perfetti, Cole",3250000,"exact",0,"matched"
8482155,"Alex Laferriere","LAK","Laferriere, Alex",4100000,"exact",0,"matched"
8482157,"Will Cuylle","NYR","Cuylle, Will",3900000,"exact",0,"matched"
8482159,"Tyson Foerster","PHI","Foerster, Tyson",3750000,"exact",0,"matched"
8482166,"Shakir Mukhamadullin","SJS","Mukhamadullin, Shakir",1e+06,"exact",0,"matched"
8482172,"Landon Slaggert","CHI","Slaggert, Landon",9e+05,"exact",0,"matched"
8482176,"Wyatt Kaiser","CHI","Kaiser, Wyatt",1700000,"exact",0,"matched"
8482177,"Marat Khusnutdinov","BOS","Khusnutdinov, Marat",925000,"exact",0,"matched"
8482178,"Ian Moore","ANA","Moore, Ian",925000,"exact",0,"matched"
8482201,"Gage Goncalves","TBL","Goncalves, Gage",1200000,"exact",0,"matched"
8482206,"Ethan Cardwell","SJS","Cardwell, Ethan",867500,"exact",0,"matched"
8482259,"Bobby McMann","TOR","McMann, Bobby",1350000,"exact",0,"matched"
8482408,"Jeff Malott","LAK","Malott, Jeff",775000,"exact",0,"matched"
8482460,"Matt Rempe","NYR","Rempe, Matt",975000,"exact",0,"matched"
8482470,"Ilya Solovyov","COL","Solovyov, Ilya",775000,"exact",0,"matched"
8482475,"Yegor Chinakhov","CBJ","Chinakhov, Yegor",2100000,"exact",0,"matched"
8482476,"Emil Heineman","NYI","Heineman, Emil",1100000,"exact",0,"matched"
8482482,"Adam Wilsby","NSH","Wilsby, Adam",775000,"exact",0,"matched"
8482511,"Mason Lohrei","BOS","Lohrei, Mason",3200000,"exact",0,"matched"
8482516,"Matthew Kessel","STL","Kessel, Matthew",8e+05,"exact",0,"matched"
8482624,"Daniil Miromanov","CGY","Miromanov, Daniil",1250000,"exact",0,"matched"
8482634,"Alex Steeves","BOS","Steeves, Alex",850000,"exact",0,"matched"
8482635,"Mike Hardman","NJD","Hardman, Mike",775000,"exact",0,"matched"
8482652,"Walker Duehr","WPG","Duehr, Walker",775000,"exact",0,"matched"
8482659,"Josh Doan","BUF","Doan, Josh",925000,"exact",0,"matched"
8482660,"Kent Johnson","CBJ","Johnson, Kent",1800000,"exact",0,"matched"
8482663,"Dylan Duke","TBL","Duke, Dylan",867500,"exact",0,"matched"
8482667,"William Eklund","SJS","Eklund, William",863333,"exact",0,"matched"
8482671,"Owen Power","BUF","Power, Owen",8350000,"exact",0,"matched"
8482676,"Sean Behrens","COL","Behrens, Sean",905833,"exact",0,"matched"
8482679,"Matt Coronato","CGY","Coronato, Matt",6500000,"exact",0,"matched"
8482684,"Luke Hughes","NJD","Hughes, Luke",9e+06,"exact",0,"matched"
8482691,"Aatu Raty","VAN","Räty, Aatu",775000,"exact",0,"matched"
8482693,"Roman Schmidt","TBL","Schmidt, Roman",805833,"exact",0,"matched"
8482699,"Dylan Guenther","UTA","Guenther, Dylan",7142875,"exact",0,"matched"
8482702,"Logan Stankoven","CAR","Stankoven, Logan",814167,"exact",0,"matched"
8482703,"Colton Dach","CHI","Dach, Colton",825000,"exact",0,"matched"
8482705,"Cole Sillinger","CBJ","Sillinger, Cole",2250000,"exact",0,"matched"
8482712,"Oskar Olausson","SJS","Olausson, Oskar",863334,"exact",0,"matched"
8482713,"Mackie Samoskevich","FLA","Samoskevich, Mackie",775000,"exact",0,"matched"
8482720,"Matthew Knies","TOR","Knies, Matthew",7750000,"exact",0,"matched"
8482726,"Samuel Helenius","LAK","Helenius, Samuel",805833,"exact",0,"matched"
8482730,"Brandt Clarke","LAK","Clarke, Brandt",863334,"exact",0,"matched"
8482733,"Logan Mailloux","STL","Mailloux, Logan",875000,"exact",0,"matched"
8482737,"Zack Bolduc","MTL","Bolduc, Zack",863334,"exact",0,"matched"
8482740,"Wyatt Johnston","DAL","Johnston, Wyatt",8400000,"exact",0,"matched"
8482745,"Mason McTavish","ANA","McTavish, Mason",7e+06,"exact",0,"matched"
8482751,"Ryan Winterton","SEA","Winterton, Ryan",828333,"exact",0,"matched"
8482757,"Niko Huuhtanen","TBL","Huuhtanen, Niko",867500,"exact",0,"matched"
8482758,"Ville Koivunen","PIT","Koivunen, Ville",805833,"exact",0,"matched"
8482762,"Simon Edvinsson","DET","Edvinsson, Simon",894167,"exact",0,"matched"
8482775,"Oliver Kapanen","MTL","Kapanen, Oliver",925000,"exact",0,"matched"
8482787,"Nikita Chibrikov","WPG","Chibrikov, Nikita",875833,"exact",0,"matched"
8482803,"Olen Zellweger","ANA","Zellweger, Olen",844167,"exact",0,"matched"
8482807,"Ethan Del Mastro","CHI","Del Mastro, Ethan",855833,"exact",0,"matched"
8482809,"Jackson Blake","CAR","Blake, Jackson",905833,"exact",0,"matched"
8482858,"Ryker Evans","SEA","Evans, Ryker",2050000,"exact",0,"matched"
8482859,"Zack Ostapchuk","SJS","Ostapchuk, Zack",825000,"exact",0,"matched"
8482896,"Tyson Kozak","BUF","Kozak, Tyson",775000,"exact",0,"matched"
8482929,"Emil Lilleberg","TBL","Lilleberg, Emil",8e+05,"exact",0,"matched"
8482933,"Jakub Demek","VGK","Demek, Jakub",851683,"exact",0,"matched"
8482941,"Shane Lachance","NJD","Lachance, Shane",925000,"exact",0,"matched"
8482947,"Zakhar Bardakov","COL","Bardakov, Zakhar",867500,"exact",0,"matched"
8482964,"Arber Xhekaj","MTL","Xhekaj, Arber",1300000,"exact",0,"matched"
8483104,"Daylan Kuefler","NYI","Kuefler, Daylan",840000,"exact",0,"matched"
8483395,"Arshdeep Bains","VAN","Bains, Arshdeep",775000,"exact",0,"matched"
8483397,"Marc McLaughlin","NJD","McLaughlin, Marc",775000,"exact",0,"matched"
8483398,"Declan Carlile","TBL","Carlile, Declan",775000,"exact",0,"matched"
8483425,"Lian Bichsel","DAL","Bichsel, Lian",918333,"exact",0,"matched"
8483429,"Seamus Casey","NJD","Casey, Seamus",950000,"exact",0,"matched"
8483431,"Logan Cooley","UTA","Cooley, Logan",950000,"exact",0,"matched"
8483445,"Cutter Gauthier","ANA","Gauthier, Cutter",950000,"exact",0,"matched"
8483447,"Conor Geekie","TBL","Geekie, Conor",886666,"exact",0,"matched"
8483450,"Ryan Greene","CHI","Greene, Ryan",950000,"exact",0,"matched"
8483451,"Jordan Gustafson","VGK","Gustafson, Jordan",830000,"exact",0,"matched"
8483455,"Isaac Howard","EDM","Howard, Isaac",950000,"exact",0,"matched"
8483457,"Lane Hutson","MTL","Hutson, Lane",950000,"exact",0,"matched"
8483460,"David Jiricek","MIN","Jiricek, David",918333,"exact",0,"matched"
8483464,"Marco Kasper","DET","Kasper, Marco",886666,"exact",0,"matched"
8483465,"Joakim Kemell","NSH","Kemell, Joakim",886666,"exact",0,"matched"
8483468,"Jiri Kulich","BUF","Kulich, Jiri",886666,"exact",0,"matched"
8483471,"Brad Lambert","WPG","Lambert, Brad",886666,"exact",0,"matched"
8483476,"Jonathan Lekkerimäki","VAN","Lekkerimaki, Jonathan",918333,"exact",0,"matched"
8483482,"Tristan Luneau","ANA","Luneau, Tristan",865000,"exact",0,"matched"
8483485,"Denton Mateychuk","CBJ","Mateychuk, Denton",886666,"exact",0,"matched"
8483487,"Rutger McGroarty","PIT","McGroarty, Rutger",950000,"exact",0,"matched"
8483489,"Fraser Minten","BOS","Minten, Fraser",816666,"exact",0,"matched"
8483490,"Pavel Mintyukov","ANA","Mintyukov, Pavel",918333,"exact",0,"matched"
8483493,"Frank Nazar","CHI","Nazar, Frank",950000,"exact",0,"matched"
8483495,"Simon Nemec","NJD","Nemec, Simon",918333,"exact",0,"matched"
8483497,"Jani Nyman","SEA","Nyman, Jani",891666,"exact",0,"matched"
8483499,"Liam Ohgren","MIN","Öhgren, Liam",886666,"exact",0,"matched"
8483506,"Sam Rinzel","CHI","Rinzel, Sam",941667,"exact",0,"matched"
8483512,"Matt Savoie","EDM","Savoie, Matthew",886666,"exact",0,"matched"
8483515,"Juraj Slafkovský","MTL","Slafkovský, Juraj",7600000,"exact",0,"matched"
8483516,"Jimmy Snuggerud","STL","Snuggerud, Jimmy",950000,"exact",0,"matched"
8483524,"Shane Wright","SEA","Wright, Shane",886666,"exact",0,"matched"
8483525,"Danila Yurov","MIN","Yurov, Danila",950000,"exact",0,"matched"
8483546,"Marshall Rifai","TOR","Rifai, Marshall",775000,"exact",0,"matched"
8483553,"Marc Gatcomb","NYI","Gatcomb, Marc",9e+05,"exact",0,"matched"
8483565,"Nick Blankenburg","NSH","Blankenburg, Nick",775000,"exact",0,"matched"
8483573,"Ethen Frank","WSH","Frank, Ethen",775000,"exact",0,"matched"
8483609,"Adam Klapka","CGY","Klapka, Adam",1250000,"exact",0,"matched"
8483630,"Pavol Regenda","SJS","Regenda, Pavol",775000,"exact",0,"matched"
8483678,"Elias Pettersson","VAN","Pettersson, Elias",11600000,"exact",0,"matched"
8483678,"Elias Pettersson","VAN","Pettersson, Elias",838333,"exact",0,"matched"
8483690,"Noah Laba","NYR","Laba, Noah",870000,"exact",0,"matched"
8483733,"Nikita Grebenkin","PHI","Grebenkin, Nikita",875000,"exact",0,"matched"
8483752,"Dominic James","TBL","James, Dominic",910000,"exact",0,"matched"
8483799,"Kyle McDonald","DAL","McDonald, Kyle",870000,"exact",0,"matched"
8483808,"Andrei Kuzmenko","LAK","Kuzmenko, Andrei",4300000,"exact",0,"matched"
8484124,"Chase Wheatcroft","DAL","Wheatcroft, Chase",862500,"exact",0,"matched"
8484135,"Parker Ford","WPG","Ford, Parker",812500,"exact",0,"matched"
8484144,"Connor Bedard","CHI","Bedard, Connor",950000,"exact",0,"matched"
8484145,"Zach Benson","BUF","Benson, Zach",950000,"exact",0,"matched"
8484149,"Gavin Brindley","COL","Brindley, Gavin",950000,"exact",0,"matched"
8484152,"Luca Cagnoni","SJS","Cagnoni, Luca",895000,"exact",0,"matched"
8484153,"Leo Carlsson","ANA","Carlsson, Leo",950000,"exact",0,"matched"
8484158,"Easton Cowan","TOR","Cowan, Easton",873500,"exact",0,"matched"
8484166,"Adam Fantilli","CBJ","Fantilli, Adam",950000,"exact",0,"matched"
8484177,"Lenni Hameenaho","NJD","Hämeenaho, Lenni",950000,"exact",0,"matched"
8484186,"Ryan Leonard","WSH","Leonard, Ryan",950000,"exact",0,"matched"
8484197,"Oliver Moore","CHI","Moore, Oliver",941667,"exact",0,"matched"
8484221,"Calum Ritchie","NYI","Ritchie, Calum",918333,"exact",0,"matched"
8484227,"Will Smith","SJS","Smith, Will",950000,"exact",0,"matched"
8484241,"Matthew Wood","NSH","Wood, Matthew",950000,"exact",0,"matched"
8484258,"Sam Malinski","COL","Malinski, Sam",1400000,"exact",0,"matched"
8484304,"Uvis Balinskis","FLA","Balinskis, Uvis",850000,"exact",0,"matched"
8484321,"Nikolas Matinpalo","OTT","Matinpalo, Nikolas",875000,"exact",0,"matched"
8484386,"Dmitri Simashev","UTA","Simashev, Dmitri",950000,"exact",0,"matched"
8484387,"Matvei Michkov","PHI","Michkov, Matvei",950000,"exact",0,"matched"
8484388,"Daniil But","UTA","But, Daniil",950000,"exact",0,"matched"
8484471,"Emmitt Finnie","DET","Finnie, Emmitt",821667,"exact",0,"matched"
8484759,"Carter Yakemchuk","OTT","Yakemchuk, Carter",942500,"exact",0,"matched"
8484762,"Beckett Sennecke","ANA","Sennecke, Beckett",942500,"exact",0,"matched"
8484768,"Zayne Parekh","CGY","Parekh, Zayne",942500,"exact",0,"matched"
8484779,"Jett Luchanko","PHI","Luchanko, Jett",942500,"exact",0,"matched"
8484783,"Artyom Levshunov","CHI","Levshunov, Artyom",975000,"exact",0,"matched"
8484794,"Michael Brandsegg-Nygård","DET","Brandsegg-Nygård, Michael",942500,"exact",0,"matched"
8484795,"Tij Iginla","UTA","Iginla, Tij",942500,"exact",0,"matched"
8484798,"Zeev Buium","MIN","Buium, Zeev",966667,"exact",0,"matched"
8484800,"Berkly Catton","SEA","Catton, Berkly",942500,"exact",0,"matched"
8484801,"Macklin Celebrini","SJS","Celebrini, Macklin",975000,"exact",0,"matched"
8484803,"Trevor Connelly","VGK","Connelly, Trevor",975000,"exact",0,"matched"
8484805,"Ben Danford","TOR","Danford, Ben",931945,"exact",0,"matched"
8484806,"Sam Dickinson","SJS","Dickinson, Sam",942500,"exact",0,"matched"
8484822,"Luke Krys","DAL","Krys, Luke",870000,"exact",0,"matched"
8484839,"Harrison Brunicke","PIT","Brunicke, Harrison",845833,"exact",0,"matched"
8484860,"Matvei Gridin","CGY","Gridin, Matvei",942500,"exact",0,"matched"
8484869,"Tanner Howe","PIT","Howe, Tanner",845833,"exact",0,"matched"
8484911,"Collin Graf","SJS","Graf, Collin",941667,"exact",0,"matched"
8484929,"Juha Jaaska","CAR","Jaaska, Juha",775000,"exact",0,"matched"
8484958,"Maxim Tsyplakov","NYI","Tsyplakov, Maxim",2250000,"exact",0,"matched"
8484984,"Ivan Demidov","MTL","Demidov, Ivan",940833,"exact",0,"matched"
8485366,"Matthew Schaefer","NYI","Schaefer, Matthew",975000,"exact",0,"matched"
8485385,"Braeden Cootes","VAN","Cootes, Braeden",975000,"exact",0,"matched"
8485402,"Michael Misa","SJS","Misa, Michael",975000,"exact",0,"matched"
8485405,"Brady Martin","NSH","Martin, Brady",975000,"exact",0,"matched"
8485414,"Ben Kindel","PIT","Kindel, Benjamin",975000,"exact",0,"matched"
8485493,"David Tomasek","EDM","Tomasek, David",1200000,"exact",0,"matched"
8485512,"Tim Washe","ANA","Washe, Tim",812500,"exact",0,"matched"
8485539,"Wojciech Stachowiak","TBL","Stachowiak, Wojciech",775000,"exact",0,"matched"
8476856,"Mathew Dumba","PIT","Dumba, Matt",3750000,"fuzzy",0.0256410256410255,"matched"
8478136,"Jake Middleton","MIN","Middleton, Jacob",4350000,"fuzzy",0.114285714285714,"matched"
8478840,"Will Borgen","NYR","Borgen, William",4100000,"fuzzy",0.0714285714285715,"matched"
8479944,"Zachary Aston-Reese","CBJ","Aston-Reese, Zach",775000,"fuzzy",0.133333333333333,"matched"
8480246,"Nick Perbix","NSH","Perbix, Nicklaus",2750000,"fuzzy",0.0888888888888889,"matched"
8480281,"Alexey Toropchenko","STL","Toropchenko, Alexei",1700000,"fuzzy",0.0370370370370371,"matched"
8481178,"Egor Zamula","PHI","Zamula, Yegor",1700000,"fuzzy",0.0277777777777779,"matched"
8482245,"Artem Zub","OTT","Zub, Artyom",4600000,"fuzzy",0.103703703703704,"matched"
8482768,"Fedor Svechkov","NSH","Svechkov, Fyodor",925000,"fuzzy",0.0938949938949939,"matched"
8484223,"Axel Sandin-Pellikka","DET","Sandin Pellikka, Axel",918333,"fuzzy",0.0166666666666666,"matched"
8484428,"Charles Alexis Legault","CAR","Legault, Charles-Alexis",915833,"fuzzy",0.0707070707070707,"matched"
8480058,"P.O Joseph","VAN","Joseph, Pierre-Olivier",775000,"lastname",0,"matched"
8481719,"Max Crozier","TBL","Crozier, Maxwell",775000,"lastname",0,"matched"
8482175,"JJ Peterka","UTA","Peterka, John-Jason",7700000,"lastname",0,"matched"
8482655,"J.J. Moser","TBL","Moser, Janis Jérôme",3375000,"lastname",0,"matched"
8482665,"Matty Beniers","SEA","Beniers, Matthew",7142857,"lastname",0,"matched"
8485702,"Max Shabanov","NYI","Shabanov, Maxim",975000,"lastname",0,"matched"
8475176,"Ryan Ellis","SJS",NA,NA,"none",NA,"unmatched"
8479336,"Carl Grundstrom","PHI",NA,NA,"none",NA,"unmatched"
8479602,"Jeremy Davies","VGK",NA,NA,"none",NA,"unmatched"
8485351,"Bill Zonnon","PIT",NA,NA,"none",NA,"unmatched"
8485413,"Peyton Kettles","PIT",NA,NA,"none",NA,"unmatched"
